ID,Author,Checked By,Language,Country/Region,Question,Answer,Evidence_url,Question Automatic Translation,Question Corrected Translation,Answer Automatic Translation,Answer Corrected Translation,Translation Corrected By,Notes,URL language (if different from target language)
1,Marii Ojastu,Dage Särg,ekk_latn,Estonia,"Mis on Eesti vanim sinepimark, mida on toodetud aastast 1961?",Põltsamaa sinep,https://et.wikipedia.org/wiki/Sinep,"What is the oldest brand of mustard in Estonia, produced since 1961?","What is the oldest brand of mustard in Estonia, produced since 1961?",Põltsamaa mustard,Põltsamaa mustard,Marii Ojastu,,Estonian
2,Marii Ojastu,Dage Särg,ekk_latn,Estonia,Mis on seni teadaolevatel andmetel Eesti vanim inimasula?,Pulli asula,https://et.wikipedia.org/wiki/Pulli_asula,What is the oldest known human settlement in Estonia?,What is the oldest known human settlement in Estonia?,Bull settlement,Pulli settlement,Marii Ojastu,,Estonian
3,Marii Ojastu,Dage Särg,ekk_latn,Estonia,"Mis nime kannab alates 2006. aastast toimunud iga-kevadine aerutamismaraton, mille start on Tamula järvel ja finiš Võõpsu sadamas?",Võhandu maraton,https://et.wikipedia.org/wiki/V%C3%B5handu_maraton,"What is the name of the annual spring rowing marathon that has been held since 2006, starting on Lake Tamula and finishing in Võõpsu Harbour?","What is the name of the annual rowing marathon that has taken place every spring since 2006, starting at Lake Tamula and ending at Võõpsu Harbour?",Võhandu Marathon,Võhandu marathon,Marii Ojastu,,Estonian
4,Marii Ojastu,Dage Särg,ekk_latn,Estonia,"Mis on selle Muhu valla koosseisu kuuluva laiu nimi, millest räägib Nublu 2026. aastal avaldatud laul?",Kesselaid,https://et.wikipedia.org/wiki/Kesselaid,What is the name of the stretch of land in Muhu municipality that Nublu's song published in 2026 talks about?,"What is the name of the islet in Muhu rural municipality that Nublu's song, published in 2026, talks about?",Kesselaid,Kesselaid,Marii Ojastu,,Estonian
5,Marii Ojastu,Dage Särg,ekk_latn,Estonia,"Mis on selle ettevõtja nimi, kelle popkunstikogul põhineb Tallinnas asuv PoCo kunstimuuseum?",Linnar Viik,https://et.wikipedia.org/wiki/PoCo,What is the name of the entrepreneur whose pop art collection is the basis of the PoCo Art Museum in Tallinn?,What is the name of the entrepreneneur whose pop art collection is the basis of PoCo Art Museum in Tallinn?,City Viik,Linnar Viik,Marii Ojastu,,Estonian
6,Marii Ojastu,Dage Särg,ekk_latn,Estonia,"Kuidas nimetati 1996. aastal algatatud projekti, mille tulemusena said kõik Eesti koolid internetiühenduse ja enamik koole arvutiklassi?",Tiigrihüpe,https://et.wikipedia.org/wiki/Tiigrih%C3%BCpe,"What was the name of the project initiated in 1996, which resulted in all Estonian schools having internet access and most schools having computer classes?","What was the name of the project initiated in 1996, which resulted in all Estonian schools having internet access and most schools having computer classes?",Tiger Leap,Tiger Leap,Marii Ojastu,,Estonian
7,Marii Ojastu,Dage Särg,ekk_latn,Estonia,"Kes on see semiootik, kelle mälestuseks on püstitatud Tartu Ülikooli raamatukogu ette viiest 15-meetrisest terastorust skulptuur?",Juri Lotman,https://et.wikipedia.org/wiki/Juri_Lotmani_m%C3%A4lestusm%C3%A4rk,Who is this semiotician in whose memory a sculpture made of five 15-meter steel pipes has been erected in front of the University of Tartu library?,Which semiotician is commemorated by the sculpture made of five 15-meter-tall steel tubes erected in front of the University of Tartu Library?,Yuri Lotman,Juri Lotman,Marii Ojastu,,Estonian
8,Marii Ojastu,Dage Särg,ekk_latn,Estonia,Millises Eesti linnas tuleb Tallinnast rongiga Riiga sõites ümber istuda?,Valga,https://elron.ee/Tallinn-Tartu-Riia-Vilnius,In which Estonian city do you have to change trains from Tallinn to Riga?,In which Estonian city do you have to change trains when commuting by railway from Tallinn to Riga?,Valga,Valga,Marii Ojastu,,Estonian
9,Marii Ojastu,Dage Särg,ekk_latn,Estonia,"Mis on see jääkaine, millest koosnevad Ida-Virumaal Kiviõli linna loodeosas asuvad tehismäed?",Põlevkivi poolkoks,https://et.wikipedia.org/wiki/Kivi%C3%B5li_poolkoksim%C3%A4ed,What is the waste material that makes up the artificial hills located in the northwest of the city of Kiviõli in Ida-Viru County?,What is the waste material that the artificial hills located in the northwestern part of the town of Kiviõli in Ida-Viru County are made of?,Oil shale semi-coke,Spent shale,Marii Ojastu,,Estonian
10,Marii Ojastu,Dage Särg,ekk_latn,Estonia,"Mis on selle ürituse nimi, kus valitakse setu ülemsootska?",Setu kuningriigipäev,https://et.wikipedia.org/wiki/Seto_kuningriigip%C3%A4ev,What is the name of the event where the Seto Supreme Leader is elected?,What is the name of the event where Seto ülemsootska is elected?,Seto Kingdom Day,Seto Kingdom Day,Marii Ojastu,,Estonian
11,Marii Ojastu,Dage Särg,ekk_latn,Estonia,Mida oli kujutatud Eesti 25-kroonise rahatähe tagaküljel?,Vargamäe talu,https://et.wikipedia.org/wiki/Eesti_kroon,What was depicted on the back of the Estonian 25-kroon banknote?,What was depicted on the back of the Estonian 25-kroon banknote?,Vargamäe farm,Vargamäe farm,Marii Ojastu,,Estonian
12,Marii Ojastu,Dage Särg,ekk_latn,Estonia,"Millise Eesti linna tunnuslause on alates 2022. aastast ""Euroopa algab siin""?",Narva,https://pohjarannik.postimees.ee/7540763/narva-sai-endale-uue-tunnuslause,"Which Estonian city's motto will be ""Europe begins here"" from 2022?",Which Estonian city has used the slogan 'Europe Begins Here' since 2022?,Narva,Narva,Marii Ojastu,,Estonian
13,Marii Ojastu,Dage Särg,ekk_latn,Estonia,"Mis on selle Tallinna kiriku nimi, kus eksponeeritakse Bernt Notke õlimaali ""Surmatants""?",Niguliste kirik,https://et.wikipedia.org/wiki/Tallinna_Niguliste_kirik,"What is the name of the Tallinn church where Bernt Notke's oil painting ""Dance of Death"" is exhibited?",What is the name of the Tallinn church where Bernt Notke's oil painting Danse Macabre is exhibited?,St. Nicholas Church,St. Nicholas Church,Marii Ojastu,,Estonian
14,Marii Ojastu,Dage Särg,ekk_latn,Estonia,"Mis on selle tõsielusarja nimi, mida 2022. aastal juhtisid Andrei Zevakin ja Robin Valting? ",Villa,https://et.wikipedia.org/wiki/Andrei_Zevakin,What is the name of the reality series hosted by Andrei Zevakin and Robin Valting in 2022?,What is the name of the reality series hosted by Andrei Zevakin and Robin Valting in 2022?,Villa,Villa,Marii Ojastu,,Estonian
15,Marii Ojastu,Dage Särg,ekk_latn,Estonia,"Kes on see eesti sportlane, kes võitis 2021. aasta Tokyo olümpiamängudel naiskondlikus epees kuldmedali ja individuaalses epees pronksmedali?",Katrina Lehis,https://et.wikipedia.org/wiki/Katrina_Lehis,Who is the Estonian athlete who won the gold medal in women's epee and the bronze medal in individual epee at the 2021 Tokyo Olympics?,Which Estonian athlete won the gold medal in women's epee and the bronze medal in individual epee at the 2021 Tokyo Olympics?,Katrina Leh,Katrina Lehis,Marii Ojastu,,Estonian
16,Marii Ojastu,Dage Särg,ekk_latn,Estonia,"Kuidas nimetatakse eesti rahvaluules esinevat täitmatut pisikest habemikku, kes elab ahju all ja võib ühe ampsuga terve pajatäie toitu ära süüa?",Ahjualune,https://et.wiktionary.org/wiki/ahjualune,What is the name of the insatiable little bearded creature in Estonian folklore who lives under the stove and can eat an entire pot of food in one bite?,What is the name of the insatiable little bearded creature in Estonian folklore who lives under the stove and can eat an entire pot of food in one bite?,Oven tray,Ahjualune,Marii Ojastu,,Estonian
17,Marii Ojastu,Dage Särg,ekk_latn,Estonia,Kes on Eestimaa Looduse Fondi vapiloom?,Lendorav,https://et.wikipedia.org/wiki/Eestimaa_Looduse_Fond,Who is the emblematic animal of the Estonian Foundation for Nature?,Who is the emblematic animal of the Estonian Fund for Nature?,Flying squirrel,Flying squirrel,Marii Ojastu,,Estonian
18,Marii Ojastu,Dage Särg,ekk_latn,Estonia,Missugune tuntud eesti zooloog ja looduse populariseerija on sündinud Kariibi meres asuval Aruba saarel?,Fred Jüssi,https://et.wikipedia.org/wiki/Fred_J%C3%BCssi,Which famous Estonian zoologist and nature popularizer was born on the Caribbean island of Aruba?,Which well-known Estonian zoologist and nature popularizer was born on the Caribbean island of Aruba?,Fred Jüssi,Fred Jüssi,Marii Ojastu,,Estonian
19,Marii Ojastu,Dage Särg,ekk_latn,Estonia,Missugune Väike-Maarjas sündinud eesti maadleja püstitas oma eluajal ligi 40 maailmarekordit?,Georg Lurich,https://et.wikipedia.org/wiki/Georg_Lurich,Which Estonian wrestler born in Väike-Maarja set nearly 40 world records during his lifetime?,"Which Estonian wrestler, born in Väike-Maarja, set close to 40 world records during their lifetime?",Georg Lurich,George Lurich,Marii Ojastu,,Estonian
20,Marii Ojastu,Dage Särg,ekk_latn,Estonia,Mis nime kannab Eesti vanim järjepidevalt ilmuv populaarteaduslik ajakiri?,Horisont,https://et.wikipedia.org/wiki/Horisont_(ajakiri),What is the name of the oldest continuously published popular science magazine in Estonia?,What is the name of the oldest continuously published popular science magazine in Estonia?,Horizon,Horisont,Marii Ojastu,,Estonian
21,Marii Ojastu,Dage Särg,ekk_latn,Estonia,"Mis nime kannab Alar Pikkoraineni koomiks, mille peategelased on vanatädid Marta ja Juula?",Kosmosemutid,https://et.wikipedia.org/wiki/Kosmosemutid,"What is the name of Alar Pikkorainen's comic strip, the main characters of which are great-aunts Marta and Juula?",What is the title of Alar Pikkorainen's comic featuring the elderly ladies Marta and Juula as its main characters?,Space moles,Suburban Hags,Marii Ojastu,,Estonian
22,Marii Ojastu,Dage Särg,ekk_latn,Estonia,"Mis nime kannab laul, millega Kreisiraadio Eestit 2008. aasta Eurovisioonil esindas?",Leto svet,https://et.wikipedia.org/wiki/Leto_svet,What is the name of the song with which Kreisiraadio represented Estonia at the 2008 Eurovision Song Contest?,What is the name of the song with which Kreisiraadio represented Estonia at the 2008 Eurovision Song Contest?,Summer world,Leto svet,Marii Ojastu,,Estonian
23,Marii Ojastu,Dage Särg,ekk_latn,Estonia,"Kes oli see eesti orientalist, kelle kutsel külastas Eestit XIV dalai-laama?",Linnart Mäll,https://et.wikipedia.org/wiki/Linnart_M%C3%A4ll,Who was the Estonian orientalist at whose invitation the 14th Dalai Lama visited Estonia?,Who was the Estonian orientalist at whose invitation the 14th Dalai Lama visited Estonia?,Linnart Mäll,Linnart Mäll,Marii Ojastu,,Estonian
24,Marii Ojastu,Dage Särg,ekk_latn,Estonia,Mis nime kannavad Eesti tudengisatelliidi programmi raames arendatavad kuupsatelliidid?,ESTCube,https://et.wikipedia.org/wiki/Eesti_tudengisatelliidi_programm,What are the names of the cube satellites being developed within the framework of the Estonian Student Satellite Program?,What is the name given to the cube satellites that are being developed within the framework of the Estonian Student Satellite Program?,ESTCube,ESTCube,Marii Ojastu,,Estonian
25,Marii Ojastu,Dage Särg,ekk_latn,Estonia,"Mis nime kannab 1985. aastal Silvia Rannamaa teose ""Kasuema"" ainetel lavastatud eesti film? ",Naerata ometi,https://et.wikipedia.org/wiki/Naerata_ometi,"What is the name of the Estonian film directed in 1985 based on Silvia Rannamaa's play ""Kasuema""?",What is the name of the 1985 Estonian film based on Silvia Rannamaa's novel Stepmother (Kasuema)?,Smile anyway,"Well, Come On, Smile",Marii Ojastu,,Estonian
26,Marii Ojastu,Dage Särg,ekk_latn,Estonia,"Kuidas nimetatakse rabale vastanduvaid soid nagu Tuhu ja Avaste soo, mis saavad toitu nii sademetest kui ka põhjaveest?",Madalsoo,https://et.wikipedia.org/wiki/Madalsoo,"What are the names of the swamps that are opposite to the bog, such as Tuhu and Avaste swamps, which receive nourishment from both precipitation and groundwater?","What is the term for wetlands like Tuhu and Avaste that are fed by both precipitation and groundwater, unlike raised bogs?",Madalsoo,Fen,Marii Ojastu,,Estonian
27,Marii Ojastu,Dage Särg,ekk_latn,Estonia,"Mis on selle Eesti Televisiooni lasteseriaali nimi, mille tegelaste hulka kuulusid Jänku-Juta, Orava-Olga ja Karu-Kati?",Mõmmi ja aabits,https://et.wikipedia.org/wiki/M%C3%B5mmi_ja_aabits,"What is the name of the Estonian Television children's series whose characters included Rabbit-Juta, Squirrel-Olga, and Bear-Kati?","What is the name of the Estonian Television children's series whose characters included Rabbit-Juta, Squirrel-Olga, and Bear-Kati?",Mummy and the alphabet,Teddy Bear and the Alphabet Book,Marii Ojastu,,Estonian
28,Marii Ojastu,Dage Särg,ekk_latn,Estonia,Mis linn asub Pakri poolsaarel?,Paldiski,https://et.wikipedia.org/wiki/Pakri_poolsaar,What city is located on the Pakri Peninsula?,What city is located on the Pakri Peninsula?,Paldiski,Paldiski,Marii Ojastu,,Estonian
29,Marii Ojastu,Dage Särg,ekk_latn,Estonia,"Mis on see eesti folkloorist tuntud müstiline õis, mida olevat võimalik leida jaanipäeva öösel?",Sõnajalaõis,https://et.wikipedia.org/wiki/S%C3%B5najala%C3%B5is,What is this mystical flower known from Estonian folklore that can be found on Midsummer's Eve?,What is the mystical flower known from Estonian folklore that can be found on Midsummer's Eve?,Fern flower,Fern flower,Marii Ojastu,,Estonian
30,Marii Ojastu,Dage Särg,ekk_latn,Estonia,"Mis tekstiilitööstusettevõte tegutses enam kui poolteist sajandit Narva jõe saarel, Joala mõisa aladel?",Kreenholmi Manufaktuur,https://et.wikipedia.org/wiki/Kreenholmi_Manufaktuur,"Which textile company operated for more than a century and a half on an island in the Narva River, in the grounds of Joala Manor?","Which textile manufacturing company operated for more than a century and a half on an island in the Narva River, on the grounds of the Joala Manor?",Kreenholm Manufactory,Kreenholm Manufacturing Company,Marii Ojastu,,Estonian
31,Marii Ojastu,Dage Särg,ekk_latn,Estonia,"Kes oli see Eesti Kirjameeste Seltsi president, kes pani alguse eesti rahvaluule kogumisele ja teaduslikule avaldamisele?",Jakob Hurt,https://et.wikipedia.org/wiki/Jakob_Hurt,Who was the president of the Estonian Literary Society who initiated the collection and scientific publication of Estonian folklore?,Who was the president of the Society of Estonian Literati who initiated the collection and scholarly publication of Estonian folklore?,Jacob Hurt,Jakob Hurt,Marii Ojastu,,Estonian
32,Marii Ojastu,Dage Särg,ekk_latn,Estonia,"Mis nime kandis Kaljo Kiisa etendatud tegelane filmis ""Kevade""?",Kristjan Lible,https://et.wikipedia.org/wiki/Kaljo_Kiisk,"What was the name of the character played by Kaljo Kiisa in the film ""Spring""?",What was the name of the character played by Kaljo Kiisk in the movie Spring (Kevade)?,Kristjan Lible,Kristjan Lible,Marii Ojastu,,Estonian
33,Marii Ojastu,Dage Särg,ekk_latn,Estonia,"Mis on see muusikainstrument, mida ""Kalevipoja"" algusvärssides Vanemuiselt laenata soovitakse?",Kannel,https://et.wikipedia.org/wiki/Vanemuine,"What is the musical instrument that is wanted to be borrowed from Vanemuise in the opening verses of ""Kalevipoeg""?",Which musical instrument is asked to be borrowed from Vanemuine in the opening verses of Kalevipoeg?,Kannel,Zither,Marii Ojastu,,Estonian
34,Marii Ojastu,Dage Särg,ekk_latn,Estonia,"Kuidas nimetatakse multikultuurset turismisihtkohta, mis kulgeb mööda Peipsi äärt Emajõe vasakkaldast kuni Kallasteni?",Sibulatee,https://et.wikipedia.org/wiki/Sibulatee,What is the name of the multicultural tourist destination that runs along the shores of Lake Peipsi from the left bank of the Emajõgi River to Kallaste?,What is the name of the multicultural tourist destination that runs along the shores of Lake Peipsi from the left bank of the Emajõgi River to Kallaste?,Onion tea,Onion route,Marii Ojastu,,Estonian
35,Marii Ojastu,Dage Särg,ekk_latn,Estonia,Mis nime kannab Tallinna raekoja torni tipus olev tuulelipp?,Vana Toomas,https://et.wikipedia.org/wiki/Vana_Toomas,What is the name of the weather vane on the top of the Tallinn Town Hall tower?,What is the name of the weather vane on the top of the Tallinn Town Hall spire?,Old Thomas,Old Thomas,Marii Ojastu,,Estonian
36,Marii Ojastu,Dage Särg,ekk_latn,Estonia,"Mis nime kannab Tallinna lahe äärne sadam, kus paikneb enam kui sada aastat vana vesilennukite angaar?",Lennusadam,https://et.wikipedia.org/wiki/Lennusadam,"What is the name of the port on the Gulf of Tallinn, where a seaplane hangar that is more than a hundred years old is located?",What is the name of the harbor on the shore of Tallinn Bay where the more than 100-year-old seaplane hangar is located?,Airport,Seaplane Harbour,Marii Ojastu,,Estonian
37,Marii Ojastu,Dage Särg,ekk_latn,Estonia,"Mis on see tänapäeva Eesti linn, mida peetakse 13. sajandil Sakala muinasmaakonna peamiseks keskuseks?",Viljandi,https://et.wikipedia.org/wiki/Viljandi,What is this modern Estonian city that is considered the main center of the ancient Sakala county in the 13th century?,Which present-day Estonian town is considered to have been the main center of the ancient county of Sakala in the 13th century?,Viljandi,Viljandi,Marii Ojastu,,Estonian
38,Marii Ojastu,Dage Särg,ekk_latn,Estonia,"Mis on selle küla nimi, kus lõppeb Perakülast algav Eesti pikim tähistatud matkarada?",Ähijärve,https://et.wikipedia.org/wiki/Perak%C3%BCla%E2%80%93Aegviidu%E2%80%93%C3%84hij%C3%A4rve_matkatee,"What is the name of the village where the longest marked hiking trail in Estonia, starting from Peraküla, ends?","What is the name of the village where Estonia's longest marked hiking trail, which begins in Peraküla, ends?",Ähijärve,Ähijärve,Marii Ojastu,,Estonian
39,Marii Ojastu,Dage Särg,ekk_latn,Estonia,"Kes oli esimene eestlane, kes jõudis Džomolungma tippu?",Alar Sikk,https://et.wikipedia.org/wiki/Alar_Sikk,Who was the first Estonian to reach the summit of Mount Qomolangma?,Who was the first Estonian to reach the summit of Mount Everest?,Alar Sikk,Alar Sikk,Marii Ojastu,,Estonian
40,Marii Ojastu,Dage Särg,ekk_latn,Estonia,"Mis nime kandis purjekas, mis projekti ""Eesti lipp ümber maailma"" raames ümber Maa seilas?",Lennuk,https://et.wikipedia.org/wiki/Lennuk_(purjekas),"What was the name of the sailboat that sailed around the world as part of the ""Estonian Flag Around the World"" project?","What was the name of the sailing yacht that circumnavigated the globe as part of the ""Estonian Flag Around the World"" project?",Airplane,Lennuk,Marii Ojastu,,Estonian
41,Marii Ojastu,Dage Särg,ekk_latn,Estonia,"Mis nime kannab režissöör Anna Hintsi 2023. aastal esilinastunud dokumentaalfilm, mis tutvustab suitsusauna kombestikku?",Savvusanna Sõsarad,https://et.wikipedia.org/wiki/Savvusanna_s%C3%B5sarad,"What is the name of the documentary film by director Anna Hints, which premiered in 2023, that introduces smoke sauna customs?","What is the name of director Anna Hints' documentary, which premiered in 2023 and explores the traditions of the smoke sauna?",Savvusanna Sisters,Smoke Sauna Sisterhood,Marii Ojastu,,Estonian
42,Marii Ojastu,Dage Särg,ekk_latn,Estonia,Mis oli Tuhala valla rahvalik nimetus?,Nõiavald,https://et.wikipedia.org/wiki/Tuhala_n%C3%B5iakaev,What was the popular name for Tuhala rural municipality?,What was the colloquial name for Tuhala rural municipality?,Witchcraft,Witch municipality,Marii Ojastu,,Estonian
43,Marii Ojastu,Dage Särg,ekk_latn,Estonia,"Kes oli see tuntud eesti muusik, kes asus 2008. aastal ametisse Vilsandi saarevahina?",Jaan Tätte,https://et.wikipedia.org/wiki/Jaan_T%C3%A4tte,Who was the well-known Estonian musician who took office as the guardian of Vilsandi Island in 2008?,Who was the well-known Estonian musician who became the warden of Vilsandi Island in 2008?,Jaan Tätte,Jaan Tätte,Marii Ojastu,,Estonian
44,Marii Ojastu,Dage Särg,ekk_latn,Estonia,"Kes on Eesti Televisiooni uuriv-ajakirjandusliku saatesarja ""Pealtnägija"" pikima staažiga saatejuht?",Mihkel Kärmas,https://et.wikipedia.org/wiki/Pealtn%C3%A4gija,"Who is the longest-serving presenter of the Estonian Television investigative journalism series ""Pealtnägija""?",Who is the longest-serving host of the Estonian Television investigative journalism program Eyewitness (Pealtnägija)?,Mihkel Karmas,Mihkel Kärmas,Marii Ojastu,,Estonian
45,Marii Ojastu,Dage Särg,ekk_latn,Estonia,Mis on Eesti 10-kroonisel rahatähel kujutatud puu nimi?,Tamme-Lauri tamm,https://et.wikipedia.org/wiki/Tamme-Lauri_tamm,What is the name of the tree depicted on the Estonian 10-kroon banknote?,What is the name of the tree depicted on the Estonian 10-kroon banknote?,Tamme-Lauri Dam,Tamme-Lauri oak,Marii Ojastu,,Estonian
46,Marii Ojastu,Dage Särg,ekk_latn,Estonia,"Mis nime kannab vanim Eestis korraldatav jooksuüritus, mis sai alguse aastal 1928?",Suurjooks ümber Viljandi järve,https://et.wikipedia.org/wiki/Suurjooks_%C3%BCmber_Viljandi_j%C3%A4rve,"What is the name of the oldest running event organized in Estonia, which began in 1928?","What is the name of the oldest running race held in Estonia, which was first organized in 1928?",Great run around Lake Viljandi,Grand Race around Lake Viljandi,Marii Ojastu,,Estonian
47,Marii Ojastu,Dage Särg,ekk_latn,Estonia,Mis nime kannab suurim tervikuna Eesti piirides paiknev järv?,Võrtsjärv,https://et.wikipedia.org/wiki/V%C3%B5rtsj%C3%A4rv,What is the name of the largest lake located entirely within the borders of Estonia?,What is the name of the largest lake located entirely within Estonia's borders?,Lake Võrtsjärv,Võrtsjärv,Marii Ojastu,,Estonian
48,Marii Ojastu,Dage Särg,ekk_latn,Estonia,Mis on Eestis peamiselt Saaremaal ja Läänemaal levinud marjataoliste käbidega okaspuu nimetus?,Harilik kadakas,https://et.wikipedia.org/wiki/Harilik_kadakas,"What is the name of a conifer with berry-like cones, mainly found in Saaremaa and Lääne County in Estonia?",What is the name of the conifer with berry-like cones that is found in Estonia mainly on the islands of Saaremaa and in Lääne County?,Common juniper,Common juniper,Marii Ojastu,,Estonian
49,Marii Ojastu,Dage Särg,ekk_latn,Estonia,Mis on Peipsi järve suurim saar?,Piirissaar,https://et.wikipedia.org/wiki/Piirissaar,What is the largest island in Lake Peipsi?,What is the largest island in Lake Peipsi?,Border island,Piirissaar,Marii Ojastu,,Estonian
50,Marii Ojastu,Dage Särg,ekk_latn,Estonia,Mis tüüpi laev on 1993. aastast Eesti riigile kuuluv alus nimega Tarmo?,Jäämurdja,https://et.wikipedia.org/wiki/Tarmo_(laev_1963),"What type of ship is the Tarmo, a vessel owned by the Estonian state since 1993?","What type of vessel is the ship named Tarmo, which has belonged to the Estonian state since 1993?",Icebreaker,Icebreaker,Marii Ojastu,,Estonian
51,Marii Ojastu,Dage Särg,ekk_latn,Estonia,"Mis on selle muusiku nimi, kelle eluloost räägib 1992. aasta mängufilm ""Need vanad armastuskirjad""?",Raimond Valgre,https://et.wikipedia.org/wiki/Need_vanad_armastuskirjad,"What is the name of the musician whose biography is told in the 1992 feature film ""Those Old Love Letters""?",What is the name of the musician whose life story is portrayed in the 1992 feature film Those Old Love Letters (Need vanad armastuskirjad)?,Raymond Valgre,Raimond Valgre,Marii Ojastu,,Estonian
52,Marii Ojastu,Dage Särg,ekk_latn,Estonia,"Mis nime kannab Toomas Hendrik Ilvese talu, mida tema ametiajal kasutati presidendi residentsina?",Ärma,https://et.wikipedia.org/wiki/%C3%84rma_talu,"What is the name of Toomas Hendrik Ilves' farm, which was used as the presidential residence during his term?","What is the name of Toomas Hendrik Ilves's farm, which was used as the presidential residence during his term in office?",Don't,Ärma,Marii Ojastu,,Estonian
53,Marii Ojastu,Dage Särg,ekk_latn,Estonia,"Mis nime kannab Pärnumaale Reiu külasse rajatud kogupere-teemapark, mis põhineb animafilmi tegelaskujul?",Lottemaa,https://et.wikipedia.org/wiki/Lottemaa,"What is the name of the family theme park built in the village of Reiu in Pärnu County, which is based on a character from an animated film?",What is the name of the family theme park built in the village of Reiu in Pärnu County that is based on an character from an animated film?,Lotteland,Lotte Village,Marii Ojastu,,Estonian
54,Marii Ojastu,Dage Särg,ekk_latn,Estonia,Mis akronüüm tähistab Eestis alates 1997. aastast toimuvat rahvusvahelist A-kategooria filmifestivali?,PÖFF,https://et.wikipedia.org/wiki/Pimedate_%C3%96%C3%B6de_filmifestival,What acronym stands for the international A-category film festival held in Estonia since 1997?,What acronym refers to the international A-category film festival that has been held in Estonia since 1997?,POOF,PÖFF,Marii Ojastu,,Estonian
55,Marii Ojastu,Dage Särg,ekk_latn,Estonia,"Mis nime kannab eesti bänd, kes avaldas 1993. aastal loo ""Insener Garini hüperboloid""?",Vennaskond,https://et.wikipedia.org/wiki/Insener_Garini_h%C3%BCperboloid_(laul),"What is the name of the Estonian band that released the song ""Insener Garini hyperboloid"" in 1993?",What is the name of the Estonian band that released the song The Hyperboloid of Engineer Garin (Insener Garini hüperboloid) in 1993?,Brotherhood,Vennaskond,Marii Ojastu,,Estonian
56,Marii Ojastu,Dage Särg,ekk_latn,Estonia,Mis on Eesti väikseim maakond nii rahvaarvult kui ka pindalalt?,Hiiumaa,https://stat.ee/et/uudised/ohoo-kas-teadsid-neid-fakte-eesti-rahva-kohta,"What is the smallest county in Estonia, both in terms of population and area?","What is the smallest county in Estonia, both in terms of population and area?",Hiiumaa,Hiiumaa,Marii Ojastu,,Estonian
57,Marii Ojastu,Dage Särg,ekk_latn,Estonia,"Mis teatri rõdult loeti esmakordselt ette iseseisvuse manifest, mis kuulutas Eesti 1918. aastal ametlikult iseseisvaks riigiks?",Endla,https://et.wikipedia.org/wiki/Manifest_k%C3%B5igile_Eestimaa_rahvastele,"From which theater balcony was the independence manifesto first read, officially declaring Estonia an independent state in 1918?","From the balcony of which theater was the Declaration of Independence, proclaiming Estonia an independent state in 1918, read aloud for the first time?",Endla,Endla,Marii Ojastu,,Estonian
58,Marii Ojastu,Dage Särg,ekk_latn,Estonia,Mis küla nimega tuntakse Alutaguse vallas asuvat Pühtitsa Jumalaema Uinumise Stauropegiaalset Naiskloostrit?,Kuremäe,https://et.wikipedia.org/wiki/Kurem%C3%A4e_klooster,What village name is the Pühtitsa Dormition Stauropegial Nunnery in Alutaguse parish known as?,"By the name of which village is the Pühtitsa Dormition Convent, located in Alutaguse rural municipality, commonly known?",Kuremäe,Kuremäe,Marii Ojastu,,Estonian
59,Marii Ojastu,Dage Särg,ekk_latn,Estonia,Mis poolsaarel asub Eesti vanim tuletorn?,Kõpu,https://et.wikipedia.org/wiki/K%C3%B5pu_tuletorn,On which peninsula is the oldest lighthouse in Estonia located?,On which peninsula is the oldest lighthouse in Estonia located?,Kõpu,Kõpu,Marii Ojastu,,Estonian
60,Marii Ojastu,Dage Särg,ekk_latn,Estonia,"Mis nime kandis 2008. aastal toimunud üle-eestiline prügikoristusaktsioon, milles osales üle 50 000 vabatahtliku?",Teeme Ära,https://et.wikipedia.org/wiki/Teeme_%C3%A4ra,"What was the name of the nationwide garbage cleanup campaign that took place in 2008, in which over 50,000 volunteers participated?","What was the name of the nationwide litter cleanup campaign held in Estonia in 2008 that involved more than 50,000 volunteers?",Let's Do It,Let's Do It,Marii Ojastu,,Estonian
61,Marii Ojastu,Dage Särg,ekk_latn,Estonia,Mis nime kannab Rakvere Vallimäel asuv Tauno Kangro skulptuur?,Tarvas,https://et.wikipedia.org/wiki/Tarvas_(skulptuur),What is the name of Tauno Kangro's sculpture located on Vallimäe Hill in Rakvere?,What is the name of the Tauno Kangro sculpture located on Vallimägi Hill in Rakvere?,Tarva,Aurochs,Marii Ojastu,,Estonian
62,Marii Ojastu,Dage Särg,ekk_latn,Estonia,Mis nime kannab keskaegse Uus-Pärnu linnamüüri ainus tänaseni säilinud maapealne ehitis?,Punane torn,https://et.wikipedia.org/wiki/Punane_torn,What is the name of the only surviving above-ground structure of the medieval New Pärnu city wall?,What is the name of the only above-ground structure of the medieval New Pärnu town wall that has survived to the present day?,Red Tower,Red Tower,Marii Ojastu,,Estonian
63,Marii Ojastu,Dage Särg,ekk_latn,Estonia,"Mis nime kandis keskajal tegutsenud Kesk- ja Põhja-Euroopa linnade kaubanduslik ja poliitiline liit, kuhu kuulusid Tallinn, Pärnu, Tartu ja Viljandi?",Hansa Liit,https://et.wikipedia.org/wiki/Hansa_Liit,"What was the name of the commercial and political union of Central and Northern European cities that existed in the Middle Ages, which included Tallinn, Pärnu, Tartu, and Viljandi?","What was the name of the medieval commercial and political alliance of cities in Central and Northern Europe that included Tallinn, Pärnu, Tartu, and Viljandi?",Hanseatic League,Hanseatic League,Marii Ojastu,,Estonian
64,Marii Ojastu,Dage Särg,ekk_latn,Estonia,"Mis nime kannab 1997. aastal asutatud Eesti raadiojaam, kus mängitakse vaid Eesti artistide esitatud laule?",Raadio Elmar,https://et.wikipedia.org/wiki/Raadio_Elmar,"What is the name of the Estonian radio station founded in 1997, which only plays songs performed by Estonian artists?","What is the name of the Estonian radio station, founded in 1997, that plays only songs performed by Estonian artists?",Radio Elmar,Radio Elmar,Marii Ojastu,,Estonian
65,Marii Ojastu,Dage Särg,ekk_latn,Estonia,"Mis on selle Tallinna asumi nimi, kus asub Kumu kunstimuuseum?",Kadriorg,https://et.wikipedia.org/wiki/Kumu,What is the name of the district in Tallinn where the Kumu Art Museum is located?,What is the name of the subdistrict of Tallinn where the Kumu Art Museum is located?,Kadriorg,Kadriorg,Marii Ojastu,,Estonian
66,Marii Ojastu,Dage Särg,ekk_latn,Estonia,Mis kunstnikunime kasutab eesti maalikunstnik Heiki Trolla?,Navitrolla,https://et.wikipedia.org/wiki/Navitrolla,What is the stage name used by Estonian painter Heiki Trolla?,What artist name does the Estonian painter Heiki Trolla use?,Navitrol,Navitrolla,Marii Ojastu,,Estonian
67,Marii Ojastu,Dage Särg,ekk_latn,Estonia,Missugune Võrumaa teemapark on loodud kunstnik Edgar Valteri idee põhjal?,Pokumaa,https://et.wikipedia.org/wiki/Pokumaa,What kind of Võru County theme park was created based on the idea of ​​artist Edgar Valter?,Which theme park in Võru County was created based on an idea by the artist Edgar Valter?,Pokumaa,Pokuland,Marii Ojastu,,Estonian
68,Marii Ojastu,Dage Särg,ekk_latn,Estonia,Mis nime kannab Eesti suurim rändrahn?,Ehalkivi,https://et.wikipedia.org/wiki/Ehalkivi,What is the name of the largest boulder in Estonia?,What is the name of the largest glacial erratic boulder in Estonia?,Gemstone,Ehalkivi,Marii Ojastu,,Estonian
69,Marii Ojastu,Dage Särg,ekk_latn,Estonia,"Kes palub Aino Perviku lasteraamatus ""Kunksmoor"" peategelase kätt?",Kapten Trumm,https://et.wikipedia.org/wiki/Kunksmoor,"Who proposes to the main character in Aino Pervik's children's book ""Kunksmoor""?",Who asks for the hand in marriage of the main character in Aino Pervik's children's book Kunksmoor?,Captain Drum,Captain Trumm,Marii Ojastu,,Estonian
70,Marii Ojastu,Dage Särg,ekk_latn,Estonia,Mis oli Tallinna loomaaia esimese isendi nimi?,Illu,https://et.wikipedia.org/wiki/Illu,What was the name of the first specimen at Tallinn Zoo?,What was the name of the first animal at Tallinn Zoo?,Good,Illu,Marii Ojastu,,Estonian
71,Marii Ojastu,Dage Särg,ekk_latn,Estonia,"Mis nime kannab neem, kus asub Saaremaa kõige lõunapoolsem punkt?",Sõrve säär,https://et.wikipedia.org/wiki/S%C3%B5rve_s%C3%A4%C3%A4r,What is the name of the cape where the southernmost point of Saaremaa is located?,What is the name of the cape where the southernmost point of Saaremaa is located?,Sõrve's leg,Sõrve Cape,Marii Ojastu,,Estonian
72,Marii Ojastu,Dage Särg,ekk_latn,Estonia,Mis on Eesti kõige levinum metsapuu?,Harilik mänd,https://et.wikipedia.org/wiki/Harilik_m%C3%A4nd,What is the most common forest tree in Estonia?,What is the most common forest tree in Estonia?,Scots pine,Scots pine,Marii Ojastu,,Estonian
73,Marii Ojastu,Dage Särg,ekk_latn,Estonia,Missuguse Eesti maakonna vapil on kujutatud kolme musta kobrast?,Põlvamaa,https://et.wikipedia.org/wiki/P%C3%B5lvamaa_vapp,Which Estonian county's coat of arms depicts three black beavers?,Which Estonian county's coat of arms depicts three black beavers?,Põlva County,Põlva County,Marii Ojastu,,Estonian
74,Marii Ojastu,Dage Särg,ekk_latn,Estonia,Missuguse Eesti linna vapil on kujutatud kuuske?,Võru,https://et.wikipedia.org/wiki/V%C3%B5ru_vapp,Which Estonian city's coat of arms depicts a spruce?,Which Estonian city's coat of arms depicts a spruce?,Võru,Võru,Marii Ojastu,,Estonian
75,Marii Ojastu,Dage Särg,ekk_latn,Estonia,Mis on Hiiumaa läänepoolseim küla?,Kalana,https://et.wikipedia.org/wiki/Kalana_(Hiiumaa),What is the westernmost village in Hiiumaa?,What is the westernmost village in Hiiumaa?,As a fish,Kalana,Marii Ojastu,,Estonian
76,Marii Ojastu,Dage Särg,ekk_latn,Estonia,Mis oli eesti luuletaja Juhan Viidingu pseudonüüm?,Jüri Üdi,https://et.wikipedia.org/wiki/Juhan_Viiding,What was the pseudonym of the Estonian poet Juhan Viiding?,What was the pseudonym of the Estonian poet Juhan Viiding?,Jüri Udi,Jüri Üdi,Marii Ojastu,,Estonian
77,Marii Ojastu,Dage Särg,ekk_latn,Estonia,Mis nime kannab 2010. aastast Tallinna kirjandusfestival?,HeadRead,https://et.wikipedia.org/wiki/HeadRead,What is the name of the Tallinn Literature Festival since 2010?,What is the name of the Tallinn Literature Festival since 2010?,HeadRead,HeadRead,Marii Ojastu,,Estonian
78,Marii Ojastu,Dage Särg,ekk_latn,Estonia,"Mis nime kannab Andrus Kivirähki romaan, mille ainetel on tehtud samanimeline lauamäng?","Mees, kes teadis ussisõnu","https://et.wikipedia.org/wiki/Mees,_kes_teadis_ussis%C3%B5nu","What is the name of the novel by Andrus Kivirähki, which is the basis for the board game of the same name?","What is the name of the novel by Andrus Kivirähki, which is the basis for the board game of the same name?",The man who knew the words of the snake,The Man Who Spoke Snakish,Marii Ojastu,,Estonian
79,Marii Ojastu,Dage Särg,ekk_latn,Estonia,Kuidas nimetatakse Eestis populaarset magusast kohupiimamassist või -kreemist vormitud väikest torukese kujulist maiustust?,Kohuke,https://et.wikipedia.org/wiki/Kohuke,"What is the name of a small, tube-shaped sweet made from sweet curd mass or cream, popular in Estonia?","What is the name of the popular Estonian confection made from sweet curd mass or curd cream, shaped into a small tube?",Court,Curd snack,Marii Ojastu,,Estonian
80,Marii Ojastu,Dage Särg,ekk_latn,Estonia,Kuidas nimetatakse peamiselt Lõuna-Eestis valmistatavat traditsioonilist laagerdamata kohupiimajuustu?,Sõir,https://et.wikipedia.org/wiki/S%C3%B5ir,What is the name of the traditional unripened curd cheese made mainly in Southern Estonia?,What is the name of the traditional unripened curd cheese made mainly in southern Estonia?,Síir,Sõir,Marii Ojastu,,Estonian
81,Marii Ojastu,Dage Särg,ekk_latn,Estonia,Mis on Võrtsjärve suurim saar?,Pähksaar,https://et.wikipedia.org/wiki/P%C3%A4hksaar,What is the largest island in Lake Võrtsjärv?,What is the largest island in Lake Võrtsjärv?,Walnut Island,Pähksaar,Marii Ojastu,,Estonian
82,Marii Ojastu,Dage Särg,ekk_latn,Estonia,"Mis nime kannab Eno Raua teoses naksitrall, kelle jalanõudel puuduvad ninad?",Kingpool,https://et.wikipedia.org/wiki/Kingpool,What is the name of the horse-drawn carriage whose shoes have no toes in Eno Raua's work?,What is the name of the Naksitrall character in Eno Raud's book whose shoes have no toes?,Kingpool,Kingpool,Marii Ojastu,,Estonian
83,Marii Ojastu,Dage Särg,ekk_latn,Estonia,Mis staadionilt antakse iga aasta veebruaris toimuva Tartu Maratoni täispika distantsi start?,Tehvandi,https://et.wikipedia.org/wiki/Tartu_maraton,Which stadium is the starting point for the full-distance Tartu Marathon held every February?,Which stadium is the starting point for the full-distance Tartu Marathon held every February?,Tehvandi,Tehvandi,Marii Ojastu,,Estonian
84,Marii Ojastu,Dage Särg,ekk_latn,Estonia,Mis on Eesti kõige väiksem linnuliik?,Pöialpoiss,https://et.wikipedia.org/wiki/P%C3%B6ialpoiss_(lind),What is the smallest bird species in Estonia?,What is the smallest bird species in Estonia?,Thumbelina,Goldcrest,Marii Ojastu,,Estonian
85,Marii Ojastu,Dage Särg,ekk_latn,Estonia,"Mis nime kandis ""Tõe ja õiguse"" teises osas koolidirektor, kelle tegelase prototüüp on Treffneri kooli rajaja?",Maurus,https://et.wikipedia.org/wiki/Maurus,"What was the name of the school principal in the second part of ""Truth and Justice"", whose character is based on the founder of the Treffner School?","What was the name of the school principal in the second volume of Truth and Justice (Tõde ja õigus), whose character was based on the founder of Hugo Treffner Gymnasium?",Moorish,Maurus,Marii Ojastu,,Estonian
86,Marii Ojastu,Dage Särg,ekk_latn,Estonia,"Mis perekonnanime kandsid kolmikõed, kes esindasid 2016. aasta suveolümpiamängudel Eestit maratonijooksus?",Luik,https://et.wikipedia.org/wiki/Lily_Luik,What was the last name of the triplet sisters who represented Estonia in the marathon at the 2016 Summer Olympics?,What was the surname of the triplet sisters who represented Estonia in the marathon at the 2016 Summer Olympic Games?,Swan,Luik,Marii Ojastu,,Estonian
87,Marii Ojastu,Dage Särg,ekk_latn,Estonia,"Kes on see loom, keda oli kujutatud Eesti viiekroonise mündi tagaküljel?",Metskits,https://et.wikipedia.org/wiki/Viiekroonine_m%C3%BCnt_(1993),Who is the animal depicted on the back of the Estonian five-kroon coin?,What animal was depicted on the back of the Estonian five-kroon coin?,Roe deer,Roe deer,Marii Ojastu,,Estonian
88,Marii Ojastu,Dage Särg,ekk_latn,Estonia,"Mis nime kannab esmakordselt 1983. aastal eetrisse läinud Eesti Televisiooni saade, mis on spetsiaalselt loodud eakale vaatajaskonnale?",Prillitoos,https://et.wikipedia.org/wiki/Prillitoos,What is the name of the Estonian Television program that first aired in 1983 and was specially created for an elderly audience?,What is the name of the Estonian Television program that first aired in 1983 and was specially created for an elderly audience?,Glasses case,Prillitoos,Marii Ojastu,,Estonian
89,Marii Ojastu,Dage Särg,ekk_latn,Estonia,"Mis linnas toimub Eesti Televisiooni telesarja ""Õnne 13"" tegevus?",Morna,https://et.wikipedia.org/wiki/Morna_(%C3%95nne_13),"In which city does the Estonian Television series ""Õnne 13"" take place?",In which town is the Estonian Television series Õnne 13 set?,Morna,Morna,Marii Ojastu,,Estonian
90,Marii Ojastu,Dage Särg,ekk_latn,Estonia,"Kes mängis peaosa August Gailiti romaani ainetel valminud filmis ""Nipernaadi""?",Tõnu Kark,https://et.wikipedia.org/wiki/Nipernaadi_(film),"Who played the lead role in the film ""Nipernaadi"", based on the novel by August Gailit?","Who played the lead role in the film Nipernaadi, which was based on August Gailit's novel?",Tonu Kark,Tõnu Kark,Marii Ojastu,,Estonian
91,Marii Ojastu,Dage Särg,ekk_latn,Estonia,"Mis nimeline väärtpaberiturg koondab Tallinna, Vilniuse ja Riia börse?",Nasdaq Balti börs,https://et.wikipedia.org/wiki/Nasdaq_Balti_b%C3%B6rs,"What is the name of the securities market that brings together the Tallinn, Vilnius and Riga stock exchanges?","What is the name of the securities market that brings together the Tallinn, Vilnius, and Riga stock exchanges?",Nasdaq Baltic Stock Exchange,Nasdaq Baltic Stock Exchange,Marii Ojastu,,Estonian
92,Marii Ojastu,Dage Särg,ekk_latn,Estonia,Mis nime kannab kunstnik Anni Mägeri loodud eesti limonaadi maskott?,Limpa,https://et.wikipedia.org/wiki/Limpa,What is the name of the Estonian lemonade mascot created by artist Anni Mäger?,What is the name of the Estonian lemonade mascot created by artist Anni Mäger?,Loaf,Limpa,Marii Ojastu,,Estonian
93,Marii Ojastu,Dage Särg,ekk_latn,Estonia,"Mis nime kannab Eesti Lastekirjanduse Keskuse välja antav auhind, millega tunnustatakse igal aastal ühte silmapaistvat lasteraamatut?",Aasta Rosin,https://et.wikipedia.org/wiki/Aasta_Rosin,"What is the name of the award given by the Estonian Children's Literature Center, which recognizes one outstanding children's book each year?","What is the name of the award given by the Estonian Children's Literature Center, which recognizes one outstanding children's book each year?",Raisin of the Year,Raisin of the Year,Marii Ojastu,,Estonian
94,Marii Ojastu,Dage Särg,ekk_latn,Estonia,"Mis on see peamiselt Lääne-Virumaal leiduv kivim, mille kaevanduste rajamise vastu hakati Eestis 1987. aastal massiliselt protestima?",Fosforiit,https://et.wikipedia.org/wiki/Fosforiidis%C3%B5da,"What is this rock found mainly in Lääne-Virumaa, the construction of mines for which was the subject of massive protests in Estonia in 1987?","Which rock, found mainly in Lääne-Viru County, became the focus of mass protests against proposed mining in Estonia in 1987?",Phosphorite,Phosphorite,Marii Ojastu,,Estonian
95,Marii Ojastu,Dage Särg,ekk_latn,Estonia,Mis kaubamärgi all tegutseb Eesti reisirongide operaatorfirma?,Elron,https://et.wikipedia.org/wiki/Elron,What brand does the Estonian passenger train operating company operate under?,What brand does the Estonian passenger train operating company operate under?,Elron,Elron,Marii Ojastu,,Estonian
96,Marii Ojastu,Dage Särg,ekk_latn,Estonia,"Mis nime kannab Tartu klassikalise muusika festival, mis on nime saanud Hermann Hesse romaani järgi?",Klaaspärlimäng,https://et.wikipedia.org/wiki/Klaasp%C3%A4rlim%C3%A4ng,"What is the name of the Tartu Classical Music Festival, named after a novel by Hermann Hesse?","What is the name of the Tartu classical music festival, named after a novel by Hermann Hesse?",Glass bead game,The Glass Bead Game,Marii Ojastu,,Estonian
97,Marii Ojastu,Dage Särg,ekk_latn,Estonia,"Mis nime kannab Lõuna-Eesti rahvuspark, kus paikneb Ähijärv?",Karula rahvuspark,https://et.wikipedia.org/wiki/%C3%84hij%C3%A4rv,What is the name of the South Estonian National Park where Lake Ähijärv is located?,What is the name of the South Estonian National Park where Lake Ähijärv is located?,Karula National Park,Karula National Park,Marii Ojastu,,Estonian
98,Marii Ojastu,Dage Särg,ekk_latn,Estonia,"Mis nime kannab ajalooline Tallinnat ja Tartut ühendav maantee, mis on nime saanud Rakke lähedal asunud mõisa järgi?",Piibe maantee,https://et.wikipedia.org/wiki/Piibe_maantee,"What is the name of the historic road connecting Tallinn and Tartu, named after a manor near Rakke?","What is the name of the historic highway connecting Tallinn and Tartu, named after a manor near Rakke?",Piibe Highway,Piibe Highway,Marii Ojastu,,Estonian
99,Marii Ojastu,Dage Särg,ekk_latn,Estonia,"Kes on see eesti helilooja, kelle tuntumate teoste hulka kuulub ""Raua needmine""?",Veljo Tormis,https://et.wikipedia.org/wiki/Raua_needmine,"Who is this Estonian composer whose best-known works include ""The Curse of Iron""?",Who is the Estonian composer whose best-known works include The Curse of Iron (Raua needmine)?,Brother Storm,Veljo Tormis,Marii Ojastu,,Estonian
100,Marii Ojastu,Dage Särg,ekk_latn,Estonia,Mis nimeline tööstusettevõte on Eesti suurim põlevkiviõli tootja?,Viru Keemia Grupp,https://et.wikipedia.org/wiki/Viru_Keemia_Grupp,What industrial company is the largest shale oil producer in Estonia?,What is the name of the industrial company that is Estonia's largest producer of shale oil?,Viru Chemical Group,Viru Keemia Grupp,Marii Ojastu,,Estonian
101,Marii Ojastu,Dage Särg,ekk_latn,Estonia,"Mis nime kannab mitmekümnesse riiki laienenud Eesti tehnoloogiaettevõte, mis alustas 2013. aastal Eestis tegevust mTakso nime all?",Bolt,https://et.wikipedia.org/wiki/Bolt,What is the name of the Estonian technology company that has expanded to dozens of countries and started operations in Estonia in 2013 under the name mTakso?,What is the name of the Estonian technology company that launched in Estonia in 2013 as mTakso and has since expanded to dozens of countries?,Bolt,Bolt,Marii Ojastu,,Estonian
102,Marii Ojastu,Dage Särg,ekk_latn,Estonia,"Mis nime kannab Eesti suurim sokivabrik, mille eelkäijaks loetakse 1919. aastal asutatud paelavabrikut Rauaniit?",Suva,https://et.wikipedia.org/wiki/O%C3%9C_Suva1,"What is the name of the largest sock factory in Estonia, whose predecessor is considered to be the Rauaniit ribbon factory founded in 1919?","What is the name of Estonia's largest sock manufacturer, whose predecessor is considered to be the Rauaniit ribbon factory, founded in 1919?",Any,Suva,Marii Ojastu,,Estonian
103,Marii Ojastu,Dage Särg,ekk_latn,Estonia,"Mis on selle Eesti maastikurajooni nimi, kus tekib iga-aastane suurvesi, mida kutsutakse viiendaks aastaajaks?",Soomaa,https://et.wikipedia.org/wiki/Soomaa_suurvesi,"What is the name of the Estonian landscape region where the annual flood, called the fifth season, occurs?","What is the name of the Estonian landscape region where the annual flooding known as the ""fifth season"" occurs?",Soomaa,Soomaa,Marii Ojastu,,Estonian
104,Marii Ojastu,Dage Särg,ekk_latn,Estonia,"Kuidas nimetatakse seda Eestis leiutatud meelelahutuslikku spordiala, milles kiigutakse spetsiaalse kiigega üle võlli?",Kiiking,https://et.wikipedia.org/wiki/Kiiking,"What is the name of this recreational sport invented in Estonia, in which you swing over the top on a special swing?",What is the name of the sport invented in Estonia in which participants swing 360 degrees on a specially designed swing?,Kicking,Kiiking,Marii Ojastu,,Estonian
105,Marii Ojastu,Dage Särg,ekk_latn,Estonia,Kes oli taasiseseisvunud Eesti Vabariigi esimene president?,Lennart Meri,https://et.wikipedia.org/wiki/Lennart_Meri,Who was the first president of the newly independent Republic of Estonia?,Who was the first president of Estonia after the restoration of independence?,Lennart Meri,Lennart Meri,Marii Ojastu,,Estonian
106,Marii Ojastu,Dage Särg,ekk_latn,Estonia,Mis nime kannab Lääne-Harju vallas asuv sõjaväelennuväli?,Ämari lennuväli,https://et.wikipedia.org/wiki/%C3%84mari_lennuv%C3%A4li,What is the name of the military airfield located in Lääne-Harju rural municipality?,What is the name of the military airfield located in Lääne-Harju rural municipality?,Ämari Airport,Ämari Air Base,Marii Ojastu,,Estonian
107,Marii Ojastu,Dage Särg,ekk_latn,Estonia,"Mis on selle Eesti jõe nimi, mis saab alguse Saverna külast ja suubub Lämmijärve?",Võhandu,https://et.wikipedia.org/wiki/V%C3%B5handu_j%C3%B5gi,What is the name of the Estonian river that starts in the village of Saverna and flows into Lake Lämmijärv?,What is the name of the Estonian river that originates in the village of Saverna and flows into Lake Lämmijärv?,Võhandu,Võhandu,Marii Ojastu,,Estonian
108,Marii Ojastu,Dage Särg,ekk_latn,Estonia,"Mis on selle mäe nimi, kus asub Eesti kõrgeim ehitis?",Haagi,https://et.wikipedia.org/wiki/Koeru_telemast,What is the name of the mountain where the tallest building in Estonia is located?,What is the name of the hill where the tallest building in Estonia is located?,The Hague,Haagi,Marii Ojastu,,Estonian
109,Marii Ojastu,Dage Särg,ekk_latn,Estonia,"Kuidas nimetatakse Viljandi lossimägedes paiknevat jalakäijate puitsilda, mis sai nime ehitusaegse linnapea järgi?",Varese sild,https://et.wikipedia.org/wiki/Varese_sild,"What is the name of the wooden pedestrian bridge located on the Viljandi Castle Hills, which was named after the mayor at the time of construction?",What is the name of the wooden footbridge in the Viljandi Castle Hills that was named after the city's mayor at the time of its construction?,Crow Bridge,Varese bridge,Marii Ojastu,,Estonian
110,Marii Ojastu,Dage Särg,ekk_latn,Estonia,"Kes on see eesti arhitekt, kelle 2022. aastal valminud portreefilm kannab pealkirja ""Pätt või pühak""?",Raul Vaiksoo,https://et.wikipedia.org/wiki/Raul_Vaiksoo,"Who is this Estonian architect whose portrait film, released in 2022, is titled ""Bastard or Saint""?",Who is the Estonian architect whose 2022 portrait documentary is titled Rascal or Saint (Pätt või pühak)?,Raul Vaiksoo,Raul Vaiksoo,Marii Ojastu,,Estonian
111,Marii Ojastu,Dage Särg,ekk_latn,Estonia,"Mis nime kannab Baltimaade üliõpilaste laulu- ja tantsupidu, mida peetakse vaheldumisi Eestis, Lätis ja Leedus?",Gaudeamus,https://et.wikipedia.org/wiki/Gaudeamus_(laulu-_ja_tantsupidu),"What is the name of the Baltic student song and dance festival, which is held alternately in Estonia, Latvia, and Lithuania?","What is the name of the Baltic student song and dance festival, held in turn in Estonia, Latvia, and Lithuania?",Gaudeamus,Gaudeamus,Marii Ojastu,,Estonian
112,Marii Ojastu,Dage Särg,ekk_latn,Estonia,"Mis nime kannab Christopher Nolani põnevusmärul, mille võttekohtade hulka kuulusid muuhulgas ka Tallinna Linnahall ja Laagna tee Lasnamäel?",Tenet,https://et.wikipedia.org/wiki/Tenet,"What is the name of Christopher Nolan's thriller, whose filming locations included, among others, Tallinn City Hall and Laagna Road in Lasnamäe?",What is the name of the Christopher Nolan action thriller that was filmed in part at Tallinn's Linnahall and on Laagna Road in Lasnamäe?,Tenet,Tenet,Marii Ojastu,,Estonian
113,Marii Ojastu,Dage Särg,ekk_latn,Estonia,"Kes oli Eesti ja Läti ristiusustamise sündmusi kajastava ""Liivimaa Kroonika"" autor?",Läti Henrik,https://et.wikipedia.org/wiki/L%C3%A4ti_Henrik,"Who was the author of the ""Chronicle of Livonia"", which describes the events of the Christianization of Estonia and Latvia?","Who was the author of the Chronicle of Livonia, which chronicles the Christianization of Estonia and Latvia?",Latvian Henrik,Henry of Latvia,Marii Ojastu,,Estonian
114,Marii Ojastu,Dage Särg,ekk_latn,Estonia,Kuidas kutsuti Teises maailmasõjas Soome poolel vabatahtlikena võidelnud eestlasi?,Soomepoisid,https://et.wikipedia.org/wiki/Soomepoisid,What were Estonians who fought as volunteers on the Finnish side in World War II called?,What were Estonians who fought as volunteers on the Finnish side in World War II called?,Finnish boys,Finnish Boys,Marii Ojastu,,Estonian
115,Marii Ojastu,Dage Särg,ekk_latn,Estonia,"Kes on see mütoloogiline eesti rahvausundi tegelane, kes elab järves ja ootab Tallinna linna valmimist, et linn ära uputada?",Ülemiste vanake,https://et.wikipedia.org/wiki/%C3%9Clemiste_vanake,Who is this mythological figure from Estonian folk religion who lives in a lake and waits for the city of Tallinn to be completed so he can drown the city?,Who is the mythological figure from Estonian folklore who lives in a lake and waits for the city of Tallinn to be finished so that he can flood it?,The old man of Ülemiste,Elder of Ülemiste,Marii Ojastu,,Estonian
116,Marii Ojastu,Dage Särg,ekk_latn,Estonia,Mis aktsiaselts on Eesti vanim tänapäevani tegutsev õlletootja?,A. Le Coq,https://et.wikipedia.org/wiki/A._Le_Coq,Which public limited company is the oldest beer producer in Estonia still operating today?,Which public limited company is the oldest beer producer in Estonia still operating today?,A. Le Coq,A. Le Coq,Marii Ojastu,,Estonian
117,Marii Ojastu,Dage Särg,ekk_latn,Estonia,Missugune Eesti pank kandis enne Rootsi pangaga liitumist nime Eesti Ühispank?,SEB Pank,https://et.wikipedia.org/wiki/SEB_Pank,What Estonian bank was called Eesti Ühispank before merging with the Swedish bank?,What Estonian bank was called Eesti Ühispank before merging with a Swedish bank?,SEB Bank,SEB Bank,Marii Ojastu,,Estonian
118,Marii Ojastu,Dage Särg,ekk_latn,Estonia,"Mis on selle rummist, ürtidest ja tsitrusviljadest valmistatud Liviko likööri nimi, mis on pikaajaliselt olnud traditsiooniline Eesti esindustoode?",Vana Tallinn,https://et.wikipedia.org/wiki/Vana_Tallinn,"What is the name of Liviko liqueur, made from rum, herbs, and citrus fruits, which has long been a traditional Estonian signature product?","What is the name of Liviko liqueur, made from rum, herbs, and citrus fruits, which has long been a traditional Estonian signature product?",Old Tallinn,Vana Tallinn,Marii Ojastu,,Estonian
119,Marii Ojastu,Dage Särg,ekk_latn,Estonia,"Kes on esimene eesti naistennisist, kes jõudis üksikmängus maailma esikümnesse?",Anett Kontaveit,https://et.wikipedia.org/wiki/Anett_Kontaveit,Who is the first Estonian female tennis player to reach the world's top ten in singles?,Who was the first Estonian woman tennis player to reach the top 10 of the world singles rankings?,Anett Kontaveit,Anett Kontaveit,Marii Ojastu,,Estonian
120,Marii Ojastu,Dage Särg,ekk_latn,Estonia,"Mis mõiste võttis kasutusele Lennart Meri tähistamaks ideed, mis tõstaks Eesti riigi majandust ja mainet sarnaselt Soome mobiiltelefonitehase eduloole?",Eesti Nokia,https://et.wikiquote.org/wiki/Eesti_Nokia,"What term did Lennart Meri use to denote an idea that would boost the economy and reputation of the Estonian state, similar to the success story of the Finnish mobile phone factory?","What term did Lennart Meri use to denote an idea that would boost the economy and reputation of the Estonian state, similar to the success story of the Finnish mobile phone factory?",Estonian Nokia,Estonian Nokia,Marii Ojastu,,Estonian
121,Marii Ojastu,Dage Särg,ekk_latn,Estonia,"Mis on selle 1970. aastal esilinastunud Eesti filmi nimi, mis põhines Eduard Bornhöhe romaanil ""Vürst Gabriel ehk Pirita kloostri viimased päevad""?",Viimne reliikvia,https://et.wikipedia.org/wiki/Viimne_reliikvia,"What is the name of this Estonian film that premiered in 1970 and was based on Eduard Bornhöhe's novel ""Prince Gabriel, or the Last Days of Pirita Monastery""?","What is the name of the 1970 Estonian film based on Eduard Bornhöhe's novel Prince Gabriel, or The Last Days of Pirita Monastery?",The last relic,The Last Relic,Marii Ojastu,,Estonian
122,Marii Ojastu,Dage Särg,ekk_latn,Estonia,"Mis väljamõeldud alevikus toimus Oskar Lutsu raamatu ""Kevade"" tegevus?",Paunvere,https://et.wikipedia.org/wiki/Paunvere,"In which fictional town did Oskar Luts' book ""Spring"" take place?",At which fictional small town is Oskar Luts' novel Spring (Kevade) set?,Paunvere,Paunvere,Marii Ojastu,,Estonian
123,Marii Ojastu,Dage Särg,ekk_latn,Estonia,"Mis on selle Eesti tõsielulise reisisaate nimi, milles saatejuhid Teet Marga ja Kristjan Jõekalda reisivad igal hooajal erinevasse maailma riiki või piirkonda?",Kaks kanget,https://et.wikipedia.org/wiki/Kaks_kanget,What is the name of this Estonian reality travel show in which hosts Teet Marga and Kristjan Jõekalda travel to a different country or region of the world each season?,What is the name of the Estonian travel series in which hosts Teet Marga and Kristjan Jõekalda visit a different country or region each season?,Two strong,Two Tough Ones,Marii Ojastu,,Estonian
124,Marii Ojastu,Dage Särg,ekk_latn,Estonia,"Kes on esimene eestlane, kes võitis autoralli maailmameistrivõistlused?",Ott Tänak,https://et.wikipedia.org/wiki/Ott_T%C3%A4nak,Who is the first Estonian to win the World Rally Championship?,Who is the first Estonian to win the World Rally Championship?,Ott Tanak,Ott Tänak,Marii Ojastu,,Estonian
125,Marii Ojastu,Dage Särg,ekk_latn,Estonia,Mis Eesti linn kannab alates 1996. aastast suvepealinna tiitlit?,Pärnu,https://et.wikipedia.org/wiki/P%C3%A4rnu,Which Estonian city has held the title of Summer Capital since 1996?,Which Estonian city has held the title of Summer Capital since 1996?,Parnu,Pärnu,Marii Ojastu,,Estonian