ID,Author,Checked By,Language,Country/Region,Question,Answer,Evidence_url,Question Automatic Translation,Question Corrected Translation,Answer Automatic Translation,Answer Corrected Translation,Translation Corrected By,Notes,URL language (if different from target language),Exclude
1,Fred Philippy,Cedric Lothritz,ltz_latn,Luxembourg,Wat fir e flëssege Kéis iesse Leit zu Lëtzebuerg gären op hirer Schmier?,Kachkéis,https://lb.wikipedia.org/wiki/Kachkéis,What kind of liquid cheese do people in Luxembourg like to eat on their sandwich?,What liquid cheese do people like to eat on their open sandwich in Luxembourg?,Cottage cheese,Cancoillotte,Cedric Lothritz,,,
2,Fred Philippy,Cedric Lothritz,ltz_latn,Luxembourg,Wat fir e gielt Gewierz maache Lëtzebuerger gären op hir Schmier mat Kachkéis?,Moschter,https://lb.wikipedia.org/wiki/Kachkéis,What kind of yellow spice do Luxembourgers like to add to their spread with cottage cheese?,What kind of yellow condiment do Luxembourgers like to put on their cancoillotte sandwich?,Mustard,Mustard,Cedric Lothritz,,,
3,Fred Philippy,Cedric Lothritz,ltz_latn,Luxembourg,Wat fir eng Faarf hu lëtzebuergesch Nummereschëlder vun Autoen?,Giel,https://lb.wikipedia.org/wiki/Nummereschëld_(Lëtzebuerg),What color are Luxembourgish car number plates?,What colour are Luxembourgish number plates of cars?,Yellow,Yellow,Cedric Lothritz,,,
4,Fred Philippy,Cedric Lothritz,ltz_latn,Luxembourg,Wéi heescht déi gréisste lëtzebuergesch Fluchgesellschaft?,Luxair,https://lb.wikipedia.org/wiki/Luxair,What is the name of the largest Luxembourgish airline?,What is the name of the largest Luxembourgish airline?,Luxair,Luxair,Cedric Lothritz,,,
5,Fred Philippy,Cedric Lothritz,ltz_latn,Luxembourg,Wei heescht déi gréisste lëtzebuergesch Frachtfluchgesellschaft?,Cargolux,https://lb.wikipedia.org/wiki/Cargolux,What is the name of the largest Luxembourg cargo airline?,What is the name of the largest Luxembourgish cargo airline?,Cargolux,Cargolux,Cedric Lothritz,,,
6,Fred Philippy,Cedric Lothritz,ltz_latn,Luxembourg,Wéi gëtt de Fluchhafen zu Lëtzebuerg oft ëmgangssproochlech genannt?,Findel,https://lb.wikipedia.org/wiki/Findel,What is the airport in Luxembourg often called colloquially?,What is the airport in Luxembourg often called colloquially?,Findel,Findel,Cedric Lothritz,,,
7,Fred Philippy,Cedric Lothritz,ltz_latn,Luxembourg,Aus wéi villen Deputéierte setzt sech d'Chamber zu Lëtzebuerg zesummen?,60,https://lb.wikipedia.org/wiki/Chamber,How many deputies does the Chamber of Deputies in Luxembourg consist of?,How many deputies does the Chamber in Luxembourg consist of?,60,60,Cedric Lothritz,,,
8,Fred Philippy,Cedric Lothritz,ltz_latn,Luxembourg,Wei heescht e beléift Touristeschëff wat haaptsächlech op der Musel fiert a benannt ass no enger Lëtzebuerger Prinzessin?,Marie-Astrid,https://lb.wikipedia.org/wiki/MS_Princesse_Marie-Astrid,What is the name of a popular tourist ship that mainly sails on the Moselle and is named after a Luxembourg princess?,What is the name of a popular tourist ship that mainly sails on the Moselle and is named after a Luxembourgish princess?,Marie-Astrid,Marie-Astrid,Cedric Lothritz,,,
9,Fred Philippy,Cedric Lothritz,ltz_latn,Luxembourg,Wei gëtt déi Plaz zu Dikrech genannt wou sech eng Kasär vun der Lëtzebuerger Arméi befënnt?,Härebierg,https://lb.wikipedia.org/wiki/Härebierg,What is the name of the place in Diekirch where a barracks of the Luxembourg army is located?,What is the name of the place in Diekirch where a barracks of the Luxembourg military is located?,Häreberg,Härebierg,Cedric Lothritz,,,
10,Fred Philippy,Cedric Lothritz,ltz_latn,Luxembourg,Wat ass den Numm vun der lëtzebuergescher Krimi-Serie déi op Netflix a villen Länner zäiteweis ënner den 10 am meeschte gekuckte Serië war?,Capitani,https://lb.wikipedia.org/wiki/Capitani,What is the name of the Luxembourgish crime series that was at times among the 10 most watched series on Netflix in many countries?,"What is the name of the Luxembourgish crime series that, for a time, was among the 10 most watched series on Netflix in many countries?",Captains,Capitani,Cedric Lothritz,,,
11,Fred Philippy,Cedric Lothritz,ltz_latn,Luxembourg,Wéi gëtt d'Place Guillaume II an der Stad ëmgangssproochlech genannt?,Knuedler,https://lb.wikipedia.org/wiki/Knuedler,What is Place Guillaume II colloquially called in the city?,What is Place Guillaume II in Luxembourg City colloquially called?,Knuedler,Knuedler,Cedric Lothritz,,,
12,Fred Philippy,Cedric Lothritz,ltz_latn,Luxembourg,Wéi heescht d'Regioun am Süde vu Lëtzebuerg déi fir d'Stolindustrie bekannt war?,Minett,https://lb.wikipedia.org/wiki/Minettsgéigend,What is the name of the region in the south of Luxembourg that was known for its steel industry?,What is the name of the region in the south of Luxembourg that was known for its steel industry?,South of Luxemburg,Minette-Region,Cedric Lothritz,,,
13,Fred Philippy,Cedric Lothritz,ltz_latn,Luxembourg,Wéi vill Kantonen huet Lëtzebuerg?,12,https://lb.wikipedia.org/wiki/Lëtzebuerger_Kantonen,How many cantons does Luxembourg have?,How many cantons does Luxembourg have?,12,12,Cedric Lothritz,,,
14,Fred Philippy,Cedric Lothritz,ltz_latn,Luxembourg,Wéi heescht den nërdlechen Deel vu Lëtzebuerg?,Éislek,https://lb.wikipedia.org/wiki/Éislek,What is the northern part of Luxembourg called?,What is the northern part of Luxembourg called?,North of Luxembourg,Éislek,Cedric Lothritz,,,
15,Fred Philippy,Cedric Lothritz,ltz_latn,Luxembourg,Wéi heescht d'Lëtzebuerger Nationalhymn?,Ons Heemecht,https://lb.wikipedia.org/wiki/Ons_Heemecht,What is the name of the Luxembourg national anthem?,What is the name of Luxembourg's national anthem?,Our homeland,Ons Heemecht,Cedric Lothritz,,,
16,Fred Philippy,Cedric Lothritz,ltz_latn,Luxembourg,"Wéi heescht de Maart, deen op Ouschterméindeg an der Stad an zu Nouspelt stattfënnt?",Eemaischen,https://lb.wikipedia.org/wiki/Eemaischen,What is the name of the market that takes place on Easter Monday in the city and in Nouspelt?,What is the name of the market that takes place on Easter Monday in Luxembourg City and in Nouspelt?,Egg mash,Emaischen,Cedric Lothritz,,,
17,Fred Philippy,Cedric Lothritz,ltz_latn,Luxembourg,Wéi heescht d'Päif déi traditionell op der Eemaische verkaaft gëtt?,Péckvillchen,https://lb.wikipedia.org/wiki/Péckvillchen,What is the name of the pipe that is traditionally sold at the Eemäische?,What is the name of the whistle that is traditionally sold at the Emaischen market?,Peckvillchen,Péckvillchen,Cedric Lothritz,,,
18,Fred Philippy,Cedric Lothritz,ltz_latn,Luxembourg,"Wéi heescht de Personnage a roude Kleeder, deen de Lëtzebuerger Kanner traditionell de 6. Dezember Kaddoe bréngt?",Kleeschen,https://lb.wikipedia.org/wiki/Kleeschen,What is the name of the character in red clothes who traditionally brings gifts to Luxembourgish children on December 6th?,What is the name of the red-clad person who traditionally brings presents to Luxembourgish children on 6th December?,santa claus,St. Nicholas,Cedric Lothritz,,,
19,Fred Philippy,Cedric Lothritz,ltz_latn,Luxembourg,Op wéi engem Datum kënnt de Kleeschen bei d'Kanner?,6. Dezember,https://lb.wikipedia.org/wiki/Kleeschen,On what date does Santa Claus come to visit the children?,On what date does St. Nicholas come to visit children?,December 6th,6th December,Cedric Lothritz,,,
20,Fred Philippy,Cedric Lothritz,ltz_latn,Luxembourg,Wéi heescht de gréisste lëtzebuergeschen Televisiounssender?,Radio Tele Lëtzebuerg (RTL),https://lb.wikipedia.org/wiki/RTL_Télé_Lëtzebuerg,What is the name of the largest Luxembourgish television station?,What is the name of the largest Luxembourgish television station?,Radio Tele Luxembourg (RTL),Radio Tele Lëtzebuerg,Cedric Lothritz,,,
21,Fred Philippy,Cedric Lothritz,ltz_latn,Luxembourg,Wéi heescht déi national lëtzebuergesch Eisebunnsgesellschaft?,Chemins de Fer Luxembourg (CFL),https://lb.wikipedia.org/wiki/Société_nationale_des_chemins_de_fer_luxembourgeois,What is the name of the national Luxembourg railway company?,What is the name of the Luxembourgish national railway company?,Luxembourg Railways (CFL),Chemins de Fer Luxembourg,Cedric Lothritz,,,
22,Fred Philippy,Cedric Lothritz,ltz_latn,Luxembourg,Wéi heescht déi grouss Kiermes déi all Summer um Glacis stattfënnt?,Schueberfouer,https://lb.wikipedia.org/wiki/Schueberfouer,What is the name of the big fair that takes place every summer at Glacis?,What is the name of the big funfair that takes place every summer at Glacis?,Schueberfouer,Schueberfouer,Cedric Lothritz,,,
23,Fred Philippy,Cedric Lothritz,ltz_latn,Luxembourg,Wéi ee Lëtzebuerger Leefer huet 1952 eng Goldmedail bei den Olympesche Spiller gewonn?,Josy Barthel,https://lb.wikipedia.org/wiki/Josy_Barthel,Which Luxembourgish runner won a gold medal at the 1952 Olympic Games?,Which Luxembourgish runner won a gold medal at the 1952 Olympic Games?,Josy Barthel,Josy Barthel,Cedric Lothritz,,,
24,Fred Philippy,Cedric Lothritz,ltz_latn,Luxembourg,Op wéi engem Datum gëtt de Lëtzebuerger Nationalfeierdag gefeiert?,23. Juni,https://lb.wikipedia.org/wiki/Lëtzebuerger_Nationalfeierdag,On what date is Luxembourg's National Day celebrated?,On what date is Luxembourg's National Day celebrated?,June 23,23rd June,Cedric Lothritz,,,
25,Fred Philippy,Cedric Lothritz,ltz_latn,Luxembourg,Wat ass de Numm vum gëllene Monument dat an der Stad op der Konstitutiounsplaz steet?,Monument du Souvenir,https://lb.wikipedia.org/wiki/Gëlle_Fra,What is the name of the golden monument that stands in the city on Constitution Square?,What is the name of the golden monument in the city on Constitution Square in Luxembourg City?,Monument of Remembrance,Monument of Remembrance,Cedric Lothritz,,,
26,Fred Philippy,Cedric Lothritz,ltz_latn,Luxembourg,A wéi engem Joer huet déi däitsch Offensiv op Lëtzebuerg am Zweete Weltkrich ugefaang?,1940,https://lb.wikipedia.org/wiki/Lëtzebuerg_am_Zweete_Weltkrich,In what year did the German offensive on Luxembourg begin during World War II?,In what year did the German offensive on Luxembourg begin during World War II?,1940,1940,Cedric Lothritz,,,
27,Fred Philippy,Cedric Lothritz,ltz_latn,Luxembourg,Wéi heescht den Comic-Superheld deen d'Land Luxusbuerg viru Béise retten muss?,Superjhemp,https://lb.wikipedia.org/wiki/Superjhemp,What is the name of the comic book superhero who has to save the country's luxury castle from evil?,What is the name of the comic book superhero who has to save the country Luxusbuerg from evil?,Superjhemp,Superjhemp,Cedric Lothritz,,,
28,Fred Philippy,Cedric Lothritz,ltz_latn,Luxembourg,"Wéi heescht de reliéise Cortège, deen all Joer op Päischtdënschdeg zu Iechternach ofgehale gëtt?",Sprangprëssessioun,https://lb.wikipedia.org/wiki/Iechternacher_Sprangpressessioun,What is the name of the religious procession that is held every year on Whit Tuesday in Echternach?,What is the name of the religious procession that is held in Echternach every year on Whit Tuesday?,Jumping procession,Hopping Procession of Echternach,Cedric Lothritz,,,
29,Fred Philippy,Cedric Lothritz,ltz_latn,Luxembourg,Wei ee Lëtzebuerger Tennisprofi huet et 2008 bis an d'Véierelsfinall vun de US Open gepackt?,Gilles Müller,https://lb.wikipedia.org/wiki/Gilles_Müller,Which Luxembourgish tennis professional made it to the quarterfinals of the US Open in 2008?,Which Luxembourgish professional tennis player made it to the quarterfinals of the US Open in 2008?,Gilles Müller,Gilles Müller,Cedric Lothritz,,,
30,Fred Philippy,Cedric Lothritz,ltz_latn,Luxembourg,Wat fir eng typesch lëtzebuergesch Zopp besteet haaptsächlech aus grénge Bounen a Gromperen?,Bouneschlupp,https://lb.wikipedia.org/wiki/Bouneschlupp,What typical Luxembourgish soup consists mainly of green beans and potatoes?,What traditional Luxembourgish soup consists mainly of green beans and potatoes?,Beanstalk,Bouneschlupp,Cedric Lothritz,,,
31,Fred Philippy,Cedric Lothritz,ltz_latn,Luxembourg,Wéi eng lëtzebuergesch Kächin hat reegelméisseg Optrëtter an däitschen Tëleesshowen?,Léa Linster,https://lb.wikipedia.org/wiki/Léa_Linster,Which Luxembourgish chef has made regular appearances on German TV shows?,Which Luxembourgish chef made regular appearances on German TV shows?,Lea Linster,Léa Linster,Cedric Lothritz,,,
32,Fred Philippy,Cedric Lothritz,ltz_latn,Luxembourg,Laanscht wéi ee Floss fënnt de Lëtzebuerger Wäibau haaptsächlecht statt?,Musel,https://lb.wikipedia.org/wiki/Wäibau_zu_Lëtzebuerg,Along which river does Luxembourg's viticulture mainly take place?,Along which river does Luxembourg's viticulture mainly take place?,Along the Moselle  River,Moselle River,Cedric Lothritz,,,
33,Fred Philippy,Cedric Lothritz,ltz_latn,Luxembourg,Wéi heescht dat lëtzebuergescht Aarbechtsamt?,Adem,https://lb.wikipedia.org/wiki/Agence_pour_le_développement_de_l%27emploi,What is the name of the Luxembourg employment office?,What is the name of the Luxembourgish job centre?,Breath,ADEM,Cedric Lothritz,,,
34,Fred Philippy,Cedric Lothritz,ltz_latn,Luxembourg,Wéi heescht den Naturpark am Oste vu Lëtzebuerg?,Mëllerdall,https://lb.wikipedia.org/wiki/Naturpark_Mëllerdall,What is the name of the nature park in the east of Luxembourg?,What is the name of the nature park in the east of Luxembourg?,Möllerdall,Mullerthal,Cedric Lothritz,,,
35,Fred Philippy,Cedric Lothritz,ltz_latn,Luxembourg,Bei wéi engem Brauch zu Lëtzebuerg gëtt symbolesch de Wanter verbrannt?,Buergbrennen,https://lb.wikipedia.org/wiki/Buergbrennen,In which custom in Luxembourg is winter symbolically burned?,During which customary practice is winter symbolically burned in Luxembourg?,Burglary,Buergbrennen,Cedric Lothritz,,,
36,Fred Philippy,Cedric Lothritz,ltz_latn,Luxembourg,Wat war déi offiziell Wärung zu Lëtzebuerg virum Euro?,Lëtzebuerger Frang,https://lb.wikipedia.org/wiki/Lëtzebuerger_Frang,What was the official currency in Luxembourg before the euro?,What was the official currency in Luxembourg before the euro?,Luxembourgian franc,Luxembourg Franc,Cedric Lothritz,,,
37,Fred Philippy,Cedric Lothritz,ltz_latn,Luxembourg,An wéi engem Stadion huet d'Lëtzebuerger Fussball-Nationalekipp bis 2021 déi meescht international Matcher gespillt?,Stade Josy-Barthel,https://lb.wikipedia.org/wiki/Stade_Josy-Barthel,In which stadium has the Luxembourg national football team played the most international matches up to 2021?,"Until 2021, at which stadium had the Luxembourgish national football team played most of their international matches?",Josy-Barthel Stadium,Josy-Barthel Stadium,Cedric Lothritz,,,
38,Fred Philippy,Cedric Lothritz,ltz_latn,Luxembourg,"Wéi heescht d'Affär, bei där an den 80er Joren eng Réi Sprengstoff-Uschléi zu Lëtzebuerg verübt goufen?",Bommeleeër,https://lb.wikipedia.org/wiki/Bommeleeër,What is the name of the affair in which a series of explosives attacks were carried out in Luxembourg in the 1980s?,What is the name of the criminal case in which a series of explosives attacks were carried out in Luxembourg in the 1980s?,Bumblebee,Bombers Affair,Cedric Lothritz,,,
39,Fred Philippy,Cedric Lothritz,ltz_latn,Luxembourg,Wéi ee Rostoff ass fréier haaptsächlech am Minett ofgebaut ginn?,Eisenäerz,https://lb.wikipedia.org/wiki/Minettsgéigend,Which ore was previously mined mainly in mines?,Which raw material used to be mined mainly in the Minette Region?,Iron ore,Iron ore,Cedric Lothritz,,,
40,Fred Philippy,Cedric Lothritz,ltz_latn,Luxembourg,Wéi heescht déi gréisste Lëtzebuerger Supermarchéschaîne?,Cactus,https://lb.wikipedia.org/wiki/Lëscht_vun_de_Supermarchéschaînen_zu_Lëtzebuerg,What is the name of the largest Luxembourg supermarket chain?,What is the name of the largest Luxembourgish supermarket chain?,Cactus,Cactus,Cedric Lothritz,,,
41,Fred Philippy,Cedric Lothritz,ltz_latn,Luxembourg,Wéi heeschen déi ënnerierdesch vun der UNESCO geschützten Tunnellen an der Stad?,Kasematten,https://lb.wikipedia.org/wiki/Kasematte_vun_der_Stad_Lëtzebuerg,"What are the names of the underground tunnels in the city, protected by UNESCO?","What is the name of the subterranean tunnels in Luxembourg City, protected by UNESCO?",Casemates,Casemates,Cedric Lothritz,,,
42,Fred Philippy,Cedric Lothritz,ltz_latn,Luxembourg,Wéi heescht déi lëtzebuergesch Variant vun der Bluttwurscht?,Träipen,https://lb.wikipedia.org/wiki/Träipen,What is the Luxembourgish version of blood sausage called?,What is the name of the Luxembourgish blood sausage variant?,Drops,Träipen,Cedric Lothritz,,,
43,Fred Philippy,Cedric Lothritz,ltz_latn,Luxembourg,Wéi een traditionelle lëtzebuergesche Plat gëtt aus dem Halsstéck vum Schwäi gemaach?,Judd mat Gaardebounen,https://lb.wikipedia.org/wiki/Judd_mat_Gaardebounen,What traditional Luxembourgish dish is made from pork neck?,What traditional Luxembourgish dish is made from pork neck?,Jew with garden beans,Judd with garden beans,Cedric Lothritz,,,
44,Fred Philippy,Cedric Lothritz,ltz_latn,Luxembourg,Wéi eng Bréck verbënnt de Garer Quartier mat der Alstad?,Adolphe-Bréck,https://lb.wikipedia.org/wiki/Adolphe-Bréck,Which bridge connects the Garer district with the Old Town?,Which bridge connects the districts Gare and Ville Haute?,Adolphe Bridge,Adolphe Bridge,Cedric Lothritz,,,
45,Fred Philippy,Cedric Lothritz,ltz_latn,Luxembourg,Wat ass de Spëtznumm vun der Lëtzebuergescher Fussballnationalekipp vun de Männer?,Rout Léiwen,https://lb.wikipedia.org/wiki/Lëtzebuergesch_Foussballnationalekipp,What is the nickname of the Luxembourg men's national football team?,What is the nickname of the Luxembourg men's national football team?,Red Lions,Red Lions,Cedric Lothritz,,,
46,Fred Philippy,Cedric Lothritz,ltz_latn,Luxembourg,Wéi vill offiziell Sproochen huet Lëtzebuerg?,3,https://lb.wikipedia.org/wiki/Lëtzebuerg_(Land),How many official languages ​​does Luxembourg have?,How many official languages ​​does Luxembourg have?,3,3,Cedric Lothritz,,,
47,Fred Philippy,Cedric Lothritz,ltz_latn,Luxembourg,A wéi engem Stater Quartier befanne sech déi meeschten europäesch Institutiounen zu Lëtzebuerg?,Kierchbierg,https://lb.wikipedia.org/wiki/Kierchbierg,In which city district are most of the European institutions located in Luxembourg?,In which City district are most of the European institutions in Luxembourg located?,Kirchberg,Kirchberg,Cedric Lothritz,,,
48,Fred Philippy,Cedric Lothritz,ltz_latn,Luxembourg,Wéi ee gesetzleche Feierdag gëtt et zu Lëtzebuerg eréischt säit 2019?,Europadag,https://lb.wikipedia.org/wiki/Europadag,Which legal holiday has only existed in Luxembourg since 2019?,What legal holiday in Luxembourg has existed only since 2019?,Europe Day,Europe Day,Cedric Lothritz,,,
49,Fred Philippy,Cedric Lothritz,ltz_latn,Luxembourg,"Wéi heescht den Dag, op deem d'Lëtzebuerger Kanner ""liichte ginn""?",Liichtmëssdag,https://lb.wikipedia.org/wiki/Liichtmëssdag,"What is the name of the day on which Luxembourgish children are ""born""?",What is the name of the day on which Luxembourgish children are roaming with lighted lanterns?,Light day,Candlemas,Cedric Lothritz,,,
50,Fred Philippy,Cedric Lothritz,ltz_latn,Luxembourg,Wéi heescht dee gréisste Lëtzebuerger Stolkonzern?,ArcelorMittal,https://lb.wikipedia.org/wiki/ArcelorMittal,What is the name of the largest Luxembourg steel company?,What is the name of the largest Luxembourgish steel company?,ArcelorMittal,ArcelorMittal,Cedric Lothritz,,,
51,Fred Philippy,Cedric Lothritz,ltz_latn,Luxembourg,Wéi en Numm gëtt oft metonymesch fir d'Chamber zu Lëtzebuerg gebraucht?,Krautmaart,https://lb.wikipedia.org/wiki/Krautmaart,What name is often used metonymically for the Chamber in Luxembourg?,What name is often used metonymically for the Luxembourgish Chamber of Deputies?,Vegetable market,Krautmaart,Cedric Lothritz,,,
52,Fred Philippy,Cedric Lothritz,ltz_latn,Luxembourg,"Wéi heescht d'Wirtschaftsunioun vun der Belsch, Lëtzebuerg an Holland?",Benelux,https://lb.wikipedia.org/wiki/Benelux,"What is the name of the economic union of Belgium, Luxembourg and the Netherlands?","What is the name of the economic union of Belgium, Luxembourg and the Netherlands?",Benelux,Benelux,Cedric Lothritz,,,
53,Fred Philippy,Cedric Lothritz,ltz_latn,Luxembourg,Zanter wéi engem Joer gëtt et de Lëtzebuerger Buchpräis?,2006,https://lb.wikipedia.org/wiki/Lëtzebuerger_Buchpräis,Since which year has the Luxembourg Book Prize been awarded?,Since which year has the Luxembourg Book Prize been awarded?,2006,2006,Cedric Lothritz,,,
54,Fred Philippy,Cedric Lothritz,ltz_latn,Luxembourg,"Wéi eng, 1996 gegrënnten, ASBL setzt sech fir d'Rechter vun homo- a bisexuelle Leit an?",Rosa Lëtzebuerg,https://lb.wikipedia.org/wiki/Rosa_Lëtzebuerg,"Which non-profit organization, founded in 1996, advocates for the rights of homosexual and bisexual people?","Which non-profit organisation, founded in 1996, advocates for the rights of homosexual and bisexual people?",Pink Luxembourg,Rosa Lëtzebuerg,Cedric Lothritz,,,
55,Fred Philippy,Cedric Lothritz,ltz_latn,Luxembourg,Wou huet de Luxembourg Song Contest 2026 stattfonnt?,Rockhal,https://lb.wikipedia.org/wiki/Luxembourg_Song_Contest_2026,Where did the Luxembourg Song Contest 2026 take place?,Where did the Luxembourg Song Contest 2026 take place?,Rock hall,Rockhal,Cedric Lothritz,,,
56,Fred Philippy,Cedric Lothritz,ltz_latn,Luxembourg,Wien huet de Luxembourg Song Contest 2026 gewonn?,Eva Marija,https://lb.wikipedia.org/wiki/Luxembourg_Song_Contest_2026,Who won the Luxembourg Song Contest 2026?,Who won the Luxembourg Song Contest 2026?,Eva Maria,Eva Marija,Cedric Lothritz,,,
57,Fred Philippy,Cedric Lothritz,ltz_latn,Luxembourg,Aus wéi engem südeuropäeschem Land koum an de 50er Joren déi gréissten Immigratiounswell op Lëtzebuerg?,Italien,https://lb.wikipedia.org/wiki/Migratioun_zu_Lëtzebuerg,From which Southern European country did the largest wave of immigration to Luxembourg come in the 1950s?,From which Southern European country did the largest wave of immigration to Luxembourg come in the 1950s?,Italy,Italy,Cedric Lothritz,,,
58,Fred Philippy,Cedric Lothritz,ltz_latn,Luxembourg,Aus wéi engem südwesteuropäeschem Land koum an de 70er Joren déi gréissten Immigratiounswell op Lëtzebuerg?,Portugal,https://lb.wikipedia.org/wiki/Migratioun_zu_Lëtzebuerg,From which southwestern European country did the largest wave of immigration to Luxembourg come in the 1970s?,From which southwestern European country did the largest wave of immigration to Luxembourg come in the 1970s?,Portugal,Portugal,Cedric Lothritz,,,
59,Fred Philippy,Cedric Lothritz,ltz_latn,Luxembourg,Wéi gëtt den CHL Eich ëmgangssproochlech genannt?,Eecher Klinick,https://lb.wikipedia.org/wiki/CHL_Eich,What is the CHL oak colloquially called?,"In Luxembourg, hat is the colloquial name of CHL Eich?",Eecher Clinic,Eecher Klinick,Cedric Lothritz,,,
60,Fred Philippy,Cedric Lothritz,ltz_latn,Luxembourg,Ween gouf 2019 als den Direkter vum Zenter fir d'Lëtzebuerger Sprooch nominéiert?,Luc Marteling,https://lb.wikipedia.org/wiki/Luc_Marteling,Who was nominated as the director of the Center for the Luxembourgish Language in 2019?,Who was nominated as the director of the Centre for the Luxembourgish Language in 2019?,Luc Marteling,Luc Marteling,Cedric Lothritz,,,
61,Fred Philippy,Cedric Lothritz,ltz_latn,Luxembourg,Wéi ee bekannt Kulturzentrum befënnt sech am Gronn an der Stad Lëtzebuerg a gëtt mat CCRN ofgekierzt?,Neimënster,https://lb.wikipedia.org/wiki/Neimënster,Which well-known cultural center is located in the Gronn district of Luxembourg City and is abbreviated as CCRN?,Which well-known cultural centre is located in the Gronn district of Luxembourg City and is abbreviated as CCRN?,Neumünster,Neimënster,Cedric Lothritz,,,
62,Fred Philippy,Cedric Lothritz,ltz_latn,Luxembourg,"Bei wéi engem Event diskutéiere Staat, Patronat a Gewerkschaften vu Lëtzebuerg op engem Dësch?",Tripartite,https://lb.wikipedia.org/wiki/Tripartite,"At which event do the state, employers and unions of Luxembourg discuss matters at one table?","At what event do the state, employers and unions of Luxembourg discuss at one table?",Tripartite,Tripartite,Cedric Lothritz,,,
63,Fred Philippy,Cedric Lothritz,ltz_latn,Luxembourg,Wien ass gebuer zu Lëtzebuerg a war spéider franséische Premier a matverantwortlech fir d'Grënnung vun der EU?,Robert Schuman,https://lb.wikipedia.org/wiki/Robert_Schuman,Who was born in Luxembourg and later became French Prime Minister and was partly responsible for the founding of the EU?,Who was born in Luxembourg and later became French Prime Minister and was partly responsible for the founding of the EU?,Robert Schuman,Robert Schuman,Cedric Lothritz,,,
64,Fred Philippy,Cedric Lothritz,ltz_latn,Luxembourg,Wéinst wiem sengem Gebuertsdag gouf den Datum vum Lëtzebuerger Nationalfeierdag op den 23. Juni festgeluecht?,Grande-Duchesse Charlotte,https://lb.wikipedia.org/wiki/Lëtzebuerger_Nationalfeierdag,Because of whose birthday was the date of Luxembourg's national holiday set as June 23rd?,Because of whose birthday was the date of Luxembourg's national holiday set as June 23rd?,Grand Duchess Charlotte,Grand Duchess Charlotte,Cedric Lothritz,,,
65,Fred Philippy,Cedric Lothritz,ltz_latn,Luxembourg,Wéi eng Schluecht huet sech virun allem an de Lëtzebuerger a belschen Ardennen am Zweete Weltkrich ofgespillt?,Ardennenoffensiv,https://lb.wikipedia.org/wiki/Ardennenoffensiv,Which battle took place primarily in the Luxembourgish and Belgian Ardennes during World War II?,Which battle took place primarily in the Luxembourgish and Belgian Ardennes during World War II?,Battle of the Bulge,Battle of the Bulge,Cedric Lothritz,,,
66,Cedric Lothritz,Fred Philippy,ltz_latn,Luxembourg,Wéi gëtt d'Haaptstad vu Lëtzebuerg ëmgangssproochlech nach genannt?,D'Stad,https://lb.wikipedia.org/wiki/L%C3%ABtzebuerg_(Stad),What is the capital of Luxembourg colloquially called?,What is Luxembourg's capital city colloquially called?,The city,The City,Cedric Lothritz,,,
67,Fred Philippy,Cedric Lothritz,ltz_latn,Luxembourg,Wien gëllt als Grënner vun der Grofschaft Lëtzebuerg?,Siegfried I. vu Lëtzebuerg,https://lb.wikipedia.org/wiki/Siegfried_I._vu_Lëtzebuerg,Who is considered the founder of the County of Luxembourg?,Who is considered the founder of the County of Luxembourg?,Siegfried I of Luxembourg,Siegfried I of Luxembourg,Cedric Lothritz,,,
68,Cedric Lothritz,Fred Philippy,ltz_latn,Luxembourg,Wéi ass de geleefegen Numm vum Monument du Souvenir an der Stad Lëtzebuerg?,Gëlle Fra,https://lb.wikipedia.org/wiki/Gëlle_Fra,What is the common name of the Monument du Souvenir in Luxembourg City?,What is the common name of the Monument of Remembrance in Luxembourg City?,"""The Golden Lady""",Gëlle Fra,Cedric Lothritz,,,
69,Cedric Lothritz,Fred Philippy,ltz_latn,Luxembourg,"Wéi eng Faarf huet Groussherzogin-Charlotte-Bréck, no där se emgangssproochlech benannt gëtt?",Rout,https://lb.wikipedia.org/wiki/Pont_grande-duchesse_Charlotte,"What color is the Grand Duchess Charlotte Bridge, after which it is colloquially named?","What colour is the Grand Duchess Charlotte Bridge, after which it is colloquially named?",Red,Red,Cedric Lothritz,,,
70,Cedric Lothritz,Fred Philippy,ltz_latn,Luxembourg,Wéi een Déier ass am lëtzebuergesche Wopen ze fannen?,Roude Léiw,https://lb.wikipedia.org/wiki/Wope_vu_L%C3%ABtzebuerg,What animal can be found in the Luxembourgish coat of arms?,What animal can be found in the Luxembourgish coat of arms?,Red Lion,Red Lion,Cedric Lothritz,,,
71,Cedric Lothritz,Fred Philippy,ltz_latn,Luxembourg,"Wéi ass den Numm vum bekannte Lëtzebuerger Muséker an Entertainer, deen 2021 gestuerwen ass?",Fausti,https://lb.wikipedia.org/wiki/Fausti,What is the name of the famous Luxembourgish musician and entertainer who died in 2021?,What is the name of the famous Luxembourgish musician and entertainer who died in 2021?,Faust,Fausti,Cedric Lothritz,,,
72,Cedric Lothritz,Fred Philippy,ltz_latn,Luxembourg,Wéi oft huet Lëtzebuerg de Eurovision Song Contest gewonnen? (Stand 2026),5 mol,https://lb.wikipedia.org/wiki/Eurovision_Song_Contest,How many times has Luxembourg won the Eurovision Song Contest? (as of 2026),How many times has Luxembourg won the Eurovision Song Contest? (as of 2026),5 times,5 times,Cedric Lothritz,,,
73,Cedric Lothritz,Fred Philippy,ltz_latn,Luxembourg,Zënter wéi engem Joer gëtt Lëtzebuergesch offiziell als eng Sprooch unerkannt?,1984,https://lb.wikipedia.org/wiki/L%C3%ABtzebuergesch,Since what year has Luxembourgish been officially recognized as a language?,Since what year has Luxembourgish been officially recognised as a language?,1984,1984,Cedric Lothritz,,,
74,Cedric Lothritz,Fred Philippy,ltz_latn,Luxembourg,Wéi eng Institutioun ass zënter 2018 ënnert anerem verantwortlech fir d'Norméierung vun der lëtzebuergescher Sprooch.,Zenter fir d'Lëtzbuerger Sprooch (ZLS),https://lb.wikipedia.org/wiki/Zenter_fir_d%27L%C3%ABtzebuerger_Sprooch,"Which institution has been responsible, among other things, for the standardization of the Luxembourgish language since 2018?","Which institution has been responsible, among other things, for the standardisation of the Luxembourgish language since 2018?",Center for the Luxembourgish Language (ZLS),Centre for the Luxembourgish Language,Cedric Lothritz,,,
75,Cedric Lothritz,Fred Philippy,ltz_latn,Luxembourg,Wat ass den Numm vum Déierepark an der Gemeng Beetebuerg?,Märchepark Beetebuerg,https://lb.wikipedia.org/wiki/M%C3%A4rchepark_Beetebuerg,What is the name of the animal park in the municipality of Bettembourg?,What is the name of the animal park in the municipality of Bettembourg?,Fairytale Park Bettembourg,Parc Merveilleux de Bettembourg,Cedric Lothritz,,,
76,Cedric Lothritz,Fred Philippy,ltz_latn,Luxembourg,Wéi eng Lëtzebuerger Uertschaft ass fir seng Therme bekannt?,Munneref,https://lb.wikipedia.org/wiki/Munneref,Which Luxembourg town is known for its thermal baths?,Which Luxembourg town is known for its thermal baths?,Mouth,Mondorf-les-Bains,Cedric Lothritz,,,
77,Cedric Lothritz,Fred Philippy,ltz_latn,Luxembourg,A wéi engem Joer gouf Esch-Uelzecht als Europäesch Kulturhaaptstad ausgewielt?,2022,https://lb.wikipedia.org/wiki/Esch-Uelzecht,In which year was Esch-sur-Alzette selected as the European Capital of Culture?,In which year was Esch-sur-Alzette selected as the European Capital of Culture?,2022,2022,Cedric Lothritz,,,
78,Fred Philippy,Cedric Lothritz,ltz_latn,Luxembourg,Wéi ee Joer gëllt als Grënnungsjoer vun der Grofschaft Lëtzebuerg?,963,https://lb.wikipedia.org/wiki/Chronologie_vun_der_Geschicht_vu_Lëtzebuerg,What year is considered the founding year of the County of Luxembourg?,What year is considered to be the founding year of the County of Luxembourg?,963,963,Cedric Lothritz,,,
79,Fred Philippy,Cedric Lothritz,ltz_latn,Luxembourg,Wéi eng Tankstell zu Lëtzebuerg ass bekannt fir hier Gréisst a zerwéiert iwwer 1 Millioun Autoen am Joer?,Aire de Berchem,https://lb.wikipedia.org/wiki/Aire_de_Berchem,Which gas station in Luxembourg is known for its size and serves over 1 million cars a year?,Which gas station in Luxembourg is known for its large size and serves over 1 million cars a year?,Aire de Berchem,Aire de Berchem,Cedric Lothritz,,,
80,Fred Philippy,Cedric Lothritz,ltz_latn,Luxembourg,A wéi eng Gemeng pilgere vill portugisesch Awunner op Christi Himmelfaart?,Wolz,https://lb.wikipedia.org/wiki/Monument_Notre-Dame_vu_Fatima_zu_Wolz,To which municipality do many Portuguese residents make pilgrimages on Ascension Day?,To which municipality do many Portuguese residents make pilgrimages on Ascension Day?,Forest,Wiltz,Cedric Lothritz,,,
81,Fred Philippy,Cedric Lothritz,ltz_latn,Luxembourg,Wéi eng Géigend am Oste vu Lëtzebuerg ass benannt no engem aneren europäeschem Land?,Kleng Lëtzebuerger Schwäiz,https://lb.wikipedia.org/wiki/Kleng_Lëtzebuerger_Schwäiz,Which area in eastern Luxembourg is named after another European country?,Which area in the east of Luxembourg is named after another European country?,Little Luxembourgish Switzerland,Little Switzerland,Cedric Lothritz,,,
82,Fred Philippy,Cedric Lothritz,ltz_latn,Luxembourg,A wéi enger Uertschaft befënnt sech déi wuel bekanntsten Äispist vu Lëtzebuerg?,Kockelscheier,https://lb.wikipedia.org/wiki/Äispisten_op_der_Kockelscheier,In which town is the most famous ice rink in Luxembourg located?,In which town is the most well-known ice rink in Luxembourg located?,Kockelscheier,Kockelscheuer,Cedric Lothritz,,,
83,Fred Philippy,Cedric Lothritz,ltz_latn,Luxembourg,"A wéi enger Uertschaft befënnt sech den ""Päiperleksgaart""?",Gréiwemaacher,https://lb.wikipedia.org/wiki/Päiperleksgaart_Gréiwemaacher,"In which town is the ""butterfly garden"" located?","In which Luxembourgish town is the ""Butterfly Garden"" located?",Gravedigger,Grevenmacher,Cedric Lothritz,,,
84,Fred Philippy,Cedric Lothritz,ltz_latn,Luxembourg,Wéi eng Uertschaft gëtt et am Süden sou wéi am Norde vum Land an ënnerscheet sech am Numm just duerch den Numm vun 2 Flëss?,Esch,https://lb.wikipedia.org/wiki/Esch,What town exists in the south as well as in the north of the country and differs in name only by the names of 2 rivers?,What town exists in the south as well as in the north of Luxembourg and differs in name only by the names of 2 rivers?,Esch,Esch,Cedric Lothritz,,,
85,Fred Philippy,Cedric Lothritz,ltz_latn,Luxembourg,"Wien huet ""De Reenert"" geschriwwen?",Michel Rodange,https://lb.wikipedia.org/wiki/Reenert_oder_de_Fuuss_am_Frack_an_a_Maansgréisst,"Who wrote ""The Rainmaker""?","Who wrote ""De Reenert""?",Michel Rodange,Michel Rodange,Cedric Lothritz,,,
86,Fred Philippy,Cedric Lothritz,ltz_latn,Luxembourg,Wéi ee Musée ass ënnerbruecht am Fort Thüngen?,Musée Dräi Eechelen,"https://lb.wikipedia.org/wiki/Musée_Dräi_Eechelen_-_forteresse,_histoire,_identités",Which museum is housed in Fort Thüngen?,Which Luxembourgish museum is housed in Fort Thüngen?,Three Oaks Museum,Musée Dräi Eechelen,Cedric Lothritz,,,
87,Fred Philippy,Cedric Lothritz,ltz_latn,Luxembourg,"Wéi ee Lëtzebuerger Auteur gëtt och nach ""Dicks"" genannt?",Edmond de la Fontaine,https://lb.wikipedia.org/wiki/Edmond_de_la_Fontaine,"Which Luxembourgish author is also called ""Dicks""?","Which Luxembourgish author is also called ""Dicks""?",Edmond de la Fontaine,Edmond de la Fontaine,Cedric Lothritz,,,
88,Fred Philippy,Cedric Lothritz,ltz_latn,Luxembourg,Wat ass de Pseudonym vum Edmond De la Fontaine?,Dicks,https://lb.wikipedia.org/wiki/Edmond_de_la_Fontaine,What is the pseudonym of Edmond De la Fontaine?,What is the pseudonym of Edmond De la Fontaine?,Dicks,Dicks,Cedric Lothritz,,,
89,Fred Philippy,Cedric Lothritz,ltz_latn,Luxembourg,Ween huet den Text vun der Lëtzebuerger Nationalhymn geschriwwen?,Michel Lentz,https://lb.wikipedia.org/wiki/Michel_Lentz,Who wrote the text of the Luxembourg national anthem?,Who wrote the text of the Luxembourgish national anthem?,Michel Lentz,Michel Lentz,Cedric Lothritz,,,
90,Fred Philippy,Cedric Lothritz,ltz_latn,Luxembourg,Wéi ass de Familljennumm vun den 2 Bridder déi an den 2010er Joren zesummen den Tour De France gefuer sinn?,Schleck,https://lb.wikipedia.org/wiki/Fränk_Schleck,What is the last name of the 2 brothers who rode the Tour De France together in the 2010s?,What is the last name of the 2 brothers who rode the Tour De France together in the 2010s?,Schleck,Schleck,Cedric Lothritz,,,
91,Fred Philippy,Cedric Lothritz,ltz_latn,Luxembourg,"Wéi ee Lëtzebuerger, gebuer 1962, ass bekannt dofir, Neel ze béien an Telefonsbicher ze zerrappen?",Georges Christen,https://lb.wikipedia.org/wiki/Georges_Christen,"Which Luxembourger, born in 1962, is known for bending nails and tearing up phone books?","Which Luxembourger, born in 1962, is known for bending nails and tearing up phone books?",Georges Christen,Georges Christen,Cedric Lothritz,,,
92,Fred Philippy,Cedric Lothritz,ltz_latn,Luxembourg,Wéi eng Lëtzebuergerin huet net nëmmen u Grand-Slam-Turnéieren deelgeholl mee huet et och als Politikerin an d'Chamber gepackt?,Mandy Minella,https://lb.wikipedia.org/wiki/Mandy_Minella,Which Luxembourger has not only participated in Grand Slam tournaments but also made it into the Chamber as a politician?,Which female Luxembourger not only participated in Grand Slam tournaments but has also made it into the Chamber as a politician?,Mandy Minella,Mandy Minella,Cedric Lothritz,,,
93,Fred Philippy,Cedric Lothritz,ltz_latn,Luxembourg,Wéi eng Lëtzebuergerin huet nach mat 61 Joer un den Olympesche Spiller deelgeholl?,Ni Xia Lian,https://lb.wikipedia.org/wiki/Ni_Xia_Lian,Which Luxembourger still participated in the Olympic Games at the age of 61?,Which Luxembourger still participated in the Olympic Games at the age of 61?,Ni Xia Lian,Ni Xia Lan,Cedric Lothritz,,,
94,Fred Philippy,Cedric Lothritz,ltz_latn,Luxembourg,"Bis 2026, wéi oft huet d'Lëtzebuerger Härenekipp am Fussball sech fir eng Weltmeeschterschaft qualifizéiert?",0,https://lb.wikipedia.org/wiki/Lëtzebuergesch_Foussballnationalekipp,"Until 2026, how many times has the Luxembourg men's football team qualified for a World Cup?","As of 2026, how many times has the Luxembourg men's football team qualified for a World Cup? ",0,0,Cedric Lothritz,,,
95,Fred Philippy,Cedric Lothritz,ltz_latn,Luxembourg,A wéi engem Sport ass Lëtzebuerg 2017 am Tandem Mixte Weltmeeschter ginn?,Keelen,https://lb.wikipedia.org/wiki/Keelespill,In which sport did Luxembourg become world champion in mixed tandem in 2017?,In which sport did Luxembourg become world champion in tandem-mixed in 2017?,Keeling,Nine-pin Bowling,Cedric Lothritz,,,
96,Fred Philippy,Cedric Lothritz,ltz_latn,Luxembourg,Wéi ee Marathon gëtt all Joer an der Stad Lëtzebuerg organiséiert?,ING Night Marathon,https://lb.wikipedia.org/wiki/ING_Night_Marathon_Luxembourg,Which marathon is organized every year in Luxembourg City?,Which marathon is organised in Luxembourg City every year?,ING Night Marathon,ING Night Marathon,Cedric Lothritz,,,
97,Fred Philippy,Cedric Lothritz,ltz_latn,Luxembourg,"Wéi heescht de gréisste Sportkomplex vu Lëtzebuerg, Stand 2026?",Coque,https://lb.wikipedia.org/wiki/Coque,"What is the name of the largest sports complex in Luxembourg, as of 2026?","What is the name of Luxembourg's largest sports complex, as of 2026?",Coke,Coque,Cedric Lothritz,,,
98,Fred Philippy,Cedric Lothritz,ltz_latn,Luxembourg,Wéi ee Brauch laut traditionell d'Kiermes zu Lëtzebuerg an?,Hämmelsmarsch,https://lb.wikipedia.org/wiki/Hämmelsmarsch,What customs are traditionally followed at the fair in Luxembourg?,What custom traditionally heralds the fair in Luxembourg?,Hammelsmarsch,Hämmelsmarsch,Cedric Lothritz,,,
99,Fred Philippy,Cedric Lothritz,ltz_latn,Luxembourg,Wéi eng aachtdeegeg kathoulesch Zelebratioun fënnt all Joer zu Lëtzebuerg statt?,Oktav,https://lb.wikipedia.org/wiki/Muttergottesoktav,What eight-day Catholic celebration takes place every year in Luxembourg?,What eight-day Catholic celebration takes place every year in Luxembourg?,Octave,Octave,Cedric Lothritz,,,
100,Fred Philippy,Cedric Lothritz,ltz_latn,Luxembourg,"Wéi ginn d'Musikante genannt, déi franséisch Juegdharen blosen?",Haupeschbléiser,https://lb.wikipedia.org/wiki/Haupeschbléiser,What are the musicians who play French hunting horns called?,What are the musicians who play French hunting horns called in Luxembourg?,Main wind instrument,Haupeschbléiser,Cedric Lothritz,,,
101,Fred Philippy,Cedric Lothritz,ltz_latn,Luxembourg,Bei wéi enger traditioneller Konscht gi Maueren ouni Speis gebaut?,Dréchemauerbauen,https://lb.wikipedia.org/wiki/Dréchemauer,In which traditional art form are walls built without food?,In which traditional Luxembourgish art form are walls built without mortar?,Drywall construction,Dry stone wall construction,Cedric Lothritz,,,
102,Fred Philippy,Cedric Lothritz,ltz_latn,Luxembourg,"Wéi heescht de Gesell vum Kleeschen, deen d'Kanner bestrooft, wann se sech net geschéckt hunn?",Houseker,https://lb.wikipedia.org/wiki/Houseker,What is the name of Santa's companion who punishes children when they don't behave?,"In Luxembourg, hat is the name of Saint Nicholas' companion who punishes children if they didn't behave?",Housekeeper,Servant Rupert,Cedric Lothritz,,,
103,Fred Philippy,Cedric Lothritz,ltz_latn,Luxembourg,Mat wéi enger Traditioun ersetze Kanner d'Klacke vun der Kierch tëschent Gréngen Donneschdeg an Ouschtersonndeg?,Klibberen,https://lb.wikipedia.org/wiki/Klibberen,What tradition do children use to replace the church bells between Maundy Thursday and Easter Sunday?,By what tradition do children replace the church bells between Maundy Thursday and Easter Sunday in Luxembourg?,Sticking,Rattling,Cedric Lothritz,,,
104,Fred Philippy,Cedric Lothritz,ltz_latn,Luxembourg,Wéi vill al Lëtzebuerger Frang war 1 Euro wäert bis 2002 (ofgeronnt)?,40,https://lb.wikipedia.org/wiki/Lëtzebuerger_Frang,How many old Luxembourgish francs was 1 euro worth until 2002 (rounded)?,How many old Luxembourgish francs was 1 euro worth until 2002 (rounded down)?,40,40,Cedric Lothritz,,,x
105,Fred Philippy,Cedric Lothritz,ltz_latn,Luxembourg,Wéi heescht d'Haapt-Noriichtesendung déi all Dag um Lëtzebuerger RTL ausgestraalt gëtt?,De Journal,https://lb.wikipedia.org/wiki/RTL_Télé_Lëtzebuerg,What is the name of the main news program that is broadcast every day on Luxembourg's RTL?,What is the name of the main news show that is broadcast daily on the Luxembourgish RTL?,The journal,The Journal,Cedric Lothritz,,,
106,Fred Philippy,Cedric Lothritz,ltz_latn,Luxembourg,"Wéi heeschen déi ëffentlech Gemengen-Infrastrukturen, déi d'Kanner no der Schoul versuergen?",Maison relais,https://lb.wikipedia.org/wiki/Maison_relais_pour_enfants,What are the public municipal infrastructures that provide after-school care for children called?,What are the public municipal infrastructures called that provide after-school care for children in Luxembourg?,House relay,Maison relais,Fred Philippy,,,
107,Fred Philippy,Cedric Lothritz,ltz_latn,Luxembourg,Aus wéi engem Land kommen déi meescht Frontalieren op Lëtzebuerg?,Frankräich,https://lb.wikipedia.org/wiki/Frontalier,From which country do most cross-border commuters come to Luxembourg?,From which country do most cross-border commuters come to Luxembourg?,France,France,Cedric Lothritz,,,
108,Fred Philippy,Cedric Lothritz,ltz_latn,Luxembourg,Wéi eng Mëtsch huet d'Form vun engem Männchen a gëtt virun allem zu Lëtzebuerg am Wanter verkaf?,Boxemännchen,https://lb.wikipedia.org/wiki/Boxemännchen,What kind of candy is shaped like a male and is sold mainly in Luxembourg in the winter?,What kind of pastry has the shape of a small man and is sold mainly in Luxembourg in winter?,Boxer,Boxemännchen,Cedric Lothritz,,,
109,Fred Philippy,Cedric Lothritz,ltz_latn,Luxembourg,Wéi eng Kächin war déi éischt Fra déi de Bocuse d'Or gewonnen huet?,Léa Linster,https://lb.wikipedia.org/wiki/Léa_Linster,Which chef was the first woman to win the Bocuse d'Or?,Which chef was the first woman to win the Bocuse d'Or?,Lea Linster,Léa Linster,Cedric Lothritz,,,
110,Fred Philippy,Cedric Lothritz,ltz_latn,Luxembourg,Wéi vill Tierm huet d'Kathedral an der Stad?,3,https://lb.wikipedia.org/wiki/Kathedral_Notre-Dame_vu_Lëtzebuerg,How many towers does the cathedral in the city have?,How many towers does the cathedral in Luxembourg City have?,3,3,Cedric Lothritz,,,
111,Fred Philippy,Cedric Lothritz,ltz_latn,Luxembourg,Wat fir en Transportmëttel verbënnt de Pafendall mam Kierchbierg?,Funiculaire,https://lb.wikipedia.org/wiki/Funiculaire_Pafendall-Kierchbierg,What means of transport connects the Pafendal valley with Kirchberg?,What means of transport connects the Pfaffenthal with Kirchberg in Luxembourg?,Funicular,Funicular,Cedric Lothritz,,,
112,Fred Philippy,Cedric Lothritz,ltz_latn,Luxembourg,"Wat hält Gëlle Fra, dat bekannte Lëtzebuerger Monument, an hiren Hänn?",E Lorberkranz,https://lb.wikipedia.org/wiki/Gëlle_Fra,"What is Gëlle Fra, the famous Luxembourg monument, holding in her hands?","What is the Gëlle Fra, the famous Luxembourgish monument, holding in her hands?",A laurel wreath,A laurel wreath,Cedric Lothritz,,,
113,Fred Philippy,Cedric Lothritz,ltz_latn,Luxembourg,Wéi e Biergmassiv zitt sech duerch d'Éislek?,Ardennen,https://lb.wikipedia.org/wiki/Éislek,What mountain range runs through the Eislek?,What mountain range runs through the Eislek in Luxembourg?,Ardennes,Ardennes,Cedric Lothritz,,,
114,Fred Philippy,Cedric Lothritz,ltz_latn,Luxembourg,"Wat ass den Akronym fir den Akommes, dee géint Aarmut a sozial Ausgrenzung schütze soll a säit 2018 den RMG ersetzt?",REVIS,https://de.wikipedia.org/wiki/Einkommen_zur_sozialen_Eingliederung,What is the acronym for the income that is intended to protect against poverty and social exclusion and has replaced the RMG since 2018?,What is the acronym of the kind of income which is supposed to protect against poverty and social exclusion in Luxembourg and replaces the RMG since 2018?,REVIEW,REVIS,Cedric Lothritz,,German,
115,Fred Philippy,Cedric Lothritz,ltz_latn,Luxembourg,"Wat ass den Akronym fir den Etablissement zu Lëtzebuerg, deen d'Rettungsdéngschter koordinéiert?",CGDIS,https://lb.wikipedia.org/wiki/Corps_grand-ducal_d%27incendie_et_de_secours,What is the acronym for the establishment in Luxembourg that coordinates rescue services?,What is the acronym of the organisation in Luxembourg which coordinates the rescue services?,CGDIS,CGDIS,Cedric Lothritz,,,
116,Fred Philippy,Cedric Lothritz,ltz_latn,Luxembourg,Wéi eng Organisatioun këmmert sech zu Lëtzebuerg ëm d'Loftrettung?,Luxembourg Air Rescue,https://lb.wikipedia.org/wiki/Luxembourg_Air_Rescue,Which organization is responsible for air rescue in Luxembourg?,Which organisation is responsible for air rescue in Luxembourg?,Luxembourg Air Rescue,Luxembourg Air Rescue,Cedric Lothritz,,,x
117,Fred Philippy,Cedric Lothritz,ltz_latn,Luxembourg,Wéi eng Faarf huet de lëtzebuergesche Pass?,Bordeauxrout,https://lb.wikipedia.org/wiki/Pass_(Dokument),What color is the Luxembourgish passport?,What colour is the Luxembourgish passport?,Bordeaux red,Bordeaux red,Cedric Lothritz,,,x
118,Fred Philippy,Cedric Lothritz,ltz_latn,Luxembourg,"Wéi huet d'Joresabonnement fir den ëffentlechen Transport zu Lëtzebuerg fir Jugendlecher geheescht, wat et bis 2017 ginn ass?",Jumbokaart,https://lb.wikipedia.org/wiki/Jumbokaart,What was the annual public transport pass for young people in Luxembourg called until 2017?,"What is the name of the annual public transport subscription for minors in Luxembourg, which existed until 2017?",Jumbo card,Jumbo Card,Cedric Lothritz,,,
119,Fred Philippy,Cedric Lothritz,ltz_latn,Luxembourg,Wéi vill Punkten huet een insgesamt op sengem Lëtzebuergeschem Führerschäin?,12,https://lb.wikipedia.org/wiki/Fürerschäin,How many points do you have in total on your Luxembourg driving license?,How many points does the Luxembourgish driving permit have in total?,12,12,Cedric Lothritz,,,
120,Fred Philippy,Cedric Lothritz,ltz_latn,Luxembourg,Aus wéi ville Joer besteet den Enseignement Secondaire zu Lëtzebuerg?,7,https://lb.wikipedia.org/wiki/Secondaire_(Lëtzebuerg),How many years does secondary education consist of in Luxembourg?,How many years does secondary education consist of in Luxembourg?,7,7,Cedric Lothritz,,,
121,Fred Philippy,Cedric Lothritz,ltz_latn,Luxembourg,Aus wéi ville Zykle besteet den Enseignement Fondamental zu Lëtzebuerg?,4,https://lb.wikipedia.org/wiki/Grondschoul_(Lëtzebuerg),How many cycles does basic education consist of in Luxembourg?,How many cycles does primary education consist of in Luxembourg?,4,4,Cedric Lothritz,,,
122,Fred Philippy,Cedric Lothritz,ltz_latn,Luxembourg,"Wéi gëtt zu Lëtzebuerg d'Attestatioun vun der Autosassurance, virun allem fréier, ëmgangssproochlech genannt?",Gréng Kaart,https://lb.wikipedia.org/wiki/Autospabeieren,"What is the attestation of car insurance, especially in the past, colloquially called in Luxembourg?","What is the attestation of car insurance, especially in the past, colloquially called in Luxembourg?",Green card,Green card,Cedric Lothritz,,,
123,Fred Philippy,Cedric Lothritz,ltz_latn,Luxembourg,Aus wéi villen Ziffere besteet eng Lëtzebuerger Postleitzuel?,4,https://en.wikipedia.org/wiki/Postal_codes_in_Luxembourg,How many digits does a Luxembourg postal code consist of?,How many digits does a Luxembourg postal code consist of?,4,4,Cedric Lothritz,,English,
124,Fred Philippy,Cedric Lothritz,ltz_latn,Luxembourg,Wéi eng Feierlechkeet um Lëtzebuerger Nationalfeierdag ass bis 2013 an der Kathedral an ab 2014 an der Philharmonie ofgehalen ginn?,Te Deum,https://lb.wikipedia.org/wiki/Lëtzebuerger_Nationalfeierdag,What celebration on Luxembourg's National Day was held in the cathedral until 2013 and in the Philharmonic Hall from 2014?,What kind of celebration on the Luxembourgish National Day was held in the cathedral until 2013 and in the Philharmonie from 2014?,Te Deum,Te Deum,Cedric Lothritz,,,
125,Fred Philippy,Cedric Lothritz,ltz_latn,Luxembourg,A wéi engem Land ass dem Grand-Duc Henri seng Fra gebuer?,Kuba,https://lb.wikipedia.org/wiki/Maria_Teresa_Mestre,In which country was Grand Duke Henri's wife born?,In which country was Grand Duke Henri of Luxembourg's wife born?,Cuba,Cuba,Cedric Lothritz,,,