ID,Author,Checked By,Language,Country/Region,Question,Answer,Evidence_url,Question Automatic Translation,Question Corrected Translation,Answer Corrected Translation,Translation Corrected By,Notes,URL language (if different from target language),Exclude
1,Slyatski Ilya,Dad,rus_Cyrl_bela,Belarus,В каком году на левом берегу Днепра напротив замка была возведена деревянная церковь Святого Илии?,1505,https://be.wikipedia.org/wiki/%D0%9E%D1%80%D1%88%D0%B0,"In which year was the wooden Church of Saint Elijah erected on the left bank of the Dnieper, opposite the castle?","In what year was the wooden Church of St. Elijah built on the left bank of the Dnieper, opposite the castle?",1505,1505,,,
2,Slyatski Ilya,Dad,rus_Cyrl_bela,Belarus,"Какой белорусский писатель написал стих ""Зима""?",Якуб Колас,https://ru.wikipedia.org/wiki/%D0%AF%D0%BA%D1%83%D0%B1_%D0%9A%D0%BE%D0%BB%D0%B0%D1%81,"Which Belarusian writer wrote the poem ""Winter""?",Which Belarusian writer wrote the poem 'Winter'?,Yakub Kolas,Yakub Kolas,,,
3,Slyatski Ilya,Dad,rus_Cyrl_bela,Belarus,В каком году в летописи «Повесть временных лет» был впервые упомянут самый древний город Беларуси,862,https://www.belarus.by/ru/travel/belarus-life/polotsk,In what year was the oldest city in Belarus first mentioned in the Tale of Bygone Years?,In what year was the oldest city in Belarus first mentioned in the Primary Chronicle?,862,862,,,
4,Slyatski Ilya,Dad,rus_Cyrl_bela,Belarus,Как называется традиционный белорусский холодный суп из свёклы и кефира?,Холодник,https://ru.wikipedia.org/wiki/%D0%A5%D0%BE%D0%BB%D0%BE%D0%B4%D0%BD%D0%B8%D0%BA,What is the name of the traditional Belarusian cold soup made from beetroot and kefir?,What is the name of the traditional Belarusian cold beet and kefir soup?,Kholodnik,Khaladnik,,,
5,Slyatski Ilya,Dad,rus_Cyrl_bela,Belarus,Кто является тренером национальной сборной Беларуси по футболу на взрослом уровне на момент 2026 года?,Карлос Алос Феррер,https://www.uefa.com/european-qualifiers/teams/57155--belarus/squad/,Who is the head coach of the senior Belarus national football team as of 2026?,Who is the head coach of the senior Belarus national football team as of 2026?,Carlos Alos Ferrer,Carlos Alós Ferrer,,,
6,Slyatski Ilya,Dad,rus_Cyrl_bela,Belarus,В каком году была основана Белорусская теннисная ассоциация?,1993,https://tennis-shop.by/blog/istorija-tennisa-v-belarusi,In which year was the Belarusian Tennis Association founded?,In what year was the Belarusian Tennis Federation founded?,1993,1993,,,
7,Slyatski Ilya,Dad,rus_Cyrl_bela,Belarus,С какого года в Беларуси нужно сдавать «Централизованное тестирование» после 11 класса школы?,2004,https://pravo.by/novosti/obshchestvenno-politicheskie-i-v-oblasti-prava/2019/mart/33242/,"From what year has it been mandatory in Belarus to take the ""Centralized Testing"" exam after completing the 11th grade?",In what year was Centralized Testing (CT) introduced in Belarus for grade 11 graduates?,2004,2004,,,
8,Slyatski Ilya,Dad,rus_Cyrl_bela,Belarus,Сколько обязательных экзаменов нужно сдать после 9 класса школы в Беларуси?,4,https://1prof.by/news/v-strane/stali-izvestny-perechen-daty-i-format-provedeniya-vypusknyh-ekzamenov-v-9-h-i-11-h-klassah-v-2025-g/,How many compulsory exams must be taken after the 9th grade of school in Belarus?,How many mandatory exams are required after completing grade 9 in Belarus?,4,4,,,
9,Slyatski Ilya,Dad,rus_Cyrl_bela,Belarus,Какая основная зерновая или зернобобовая культура Беларуси согласно данным Белстата за 2025 год?,Пшеница,https://www.belstat.gov.by/upload/iblock/438/rpg5nioabas64tpyb5hjazy79rjinqta.pdf,"According to Belstat 2025, what is the main cereal or legume crop of Belarus?","What is the main cereal or legume crop of Belarus, according to Belstat data for 2025?",Wheat,Wheat,,,
10,Slyatski Ilya,Dad,rus_Cyrl_bela,Belarus,С какого года День Труда является официальным праздником в Беларуси?,1998,http://calend.ru/,Since which year has Labor Day been an official holiday in Belarus?,Since what year has Labour Day been an official holiday in Belarus?,1998,1998,,,x
11,Slyatski Ilya,Dad,rus_Cyrl_bela,Belarus,"Какая специя обязательно входит в состав Крамбамбули, но отсутствует в Крупнике?",Перец,https://ru.wikipedia.org/wiki/%D0%9A%D1%80%D1%83%D0%BF%D0%BD%D0%B8%D0%BA_(%D0%BD%D0%B0%D0%BF%D0%B8%D1%82%D0%BE%D0%BA),Which spice is an essential ingredient in Krambambula but is absent from Krupnik?,Which spice is a mandatory ingredient in Krambambula but is absent from Krupnik?,Pepper,Pepper,,,
12,Slyatski Ilya,Dad,rus_Cyrl_bela,Belarus,"Какой двухбуквенной серией обозначаются паспорта граждан Республики Беларусь, выданные подразделениями по гражданству и миграции Могилёвской области?",КВ,https://ru.wikipedia.org/wiki/%D0%9F%D0%B0%D1%81%D0%BF%D0%BE%D1%80%D1%82_%D0%B3%D1%80%D0%B0%D0%B6%D0%B4%D0%B0%D0%BD%D0%B8%D0%BD%D0%B0_%D0%A0%D0%B5%D1%81%D0%BF%D1%83%D0%B1%D0%BB%D0%B8%D0%BA%D0%B8_%D0%91%D0%B5%D0%BB%D0%B0%D1%80%D1%83%D1%81%D1%8C,Which two-letter series is used to designate the passports of citizens of the Republic of Belarus issued by the citizenship and migration units of the Mogilev Region?,Which two-letter series is used to designate the passports of citizens of the Republic of Belarus issued by the citizenship and migration units of the Mogilev Region?,KB,KB,,,
13,Slyatski Ilya,Dad,rus_Cyrl_bela,Belarus,В каком году был впервые открыт стадион «Динамо» в Минске?,1934,"https://ru.wikipedia.org/wiki/%D0%94%D0%B8%D0%BD%D0%B0%D0%BC%D0%BE_(%D1%81%D1%82%D0%B0%D0%B4%D0%B8%D0%BE%D0%BD,_%D0%9C%D0%B8%D0%BD%D1%81%D0%BA)",In which year was the Dynamo Stadium in Minsk first opened?,In what year was the Dinamo Stadium in Minsk first opened?,1934,1934,,,
14,Slyatski Ilya,Dad,rus_Cyrl_bela,Belarus,Кто является председателем Витебской области на момент 1 июня 2026 года?,Александр Николаевич Рогожник,https://vitebsk-region.gov.by/rukovodstvo/administratsiya/rukovodstvo-oblispolkoma/,"Who is the Chairman of the Vitebsk Region as of June 1, 2026?","Who is the Chairman of the Vitebsk Regional Executive Committee as of June 1, 2026?",Alexander Nikolaevich Rogozhnik,Aleksandr Nikolaevich Rogozhnik,,,
15,Slyatski Ilya,Dad,rus_Cyrl_bela,Belarus,"С какой даты в Беларуси велосипедистам снова запрещено пересекать пешеходный переход, не спешиваясь?",1 июня 2025 года,https://pravo.by/novosti/obshchestvenno-politicheskie-i-v-oblasti-prava/2025/august/89762/,From what date are cyclists in Belarus once again prohibited from crossing a pedestrian crossing without dismounting?,Since what date have cyclists in Belarus been prohibited once again from crossing pedestrian crossings without dismounting?,"June 1, 2025","June 1, 2025",,,
16,Slyatski Ilya,Dad,rus_Cyrl_bela,Belarus,"Как называется мемориальный комплекс в Ушачском районе, открытый в память о героическом прорыве 16 партизанских бригад из фашистской блокады в мае 1944 года?",«Прорыв»,https://ru.wikipedia.org/wiki/%D0%9C%D0%B5%D0%BC%D0%BE%D1%80%D0%B8%D0%B0%D0%BB%D1%8C%D0%BD%D1%8B%D0%B9_%D0%BA%D0%BE%D0%BC%D0%BF%D0%BB%D0%B5%D0%BA%D1%81_%C2%AB%D0%9F%D1%80%D0%BE%D1%80%D1%8B%D0%B2%C2%BB,What is the name of the memorial complex in the Ushachy District opened to commemorate the heroic breakout of 16 partisan brigades from a Nazi blockade in May 1944?,"What is the name of the memorial complex in the Ushachy District, opened in memory of the heroic breakthrough of 16 partisan brigades from the Nazi blockade in May 1944?","""Breakthrough""","""The Breakthrough"" (Proryv)",,,
17,Slyatski Ilya,Dad,rus_Cyrl_bela,Belarus,"Кто стал первым представителем суверенной Беларуси, завоевавшим золотую медаль на Международной физической олимпиаде (IPhO)?",Андрей Малашевич,https://ipho-unofficial.org/countries/BLR/individual,Who became the first representative of sovereign Belarus to win a gold medal at the International Physics Olympiad (IPhO)?,Who was the first representative of sovereign Belarus to win a gold medal at the International Physics Olympiad (IPhO)?,Andrei Malashevich,Andrei Malashevich,,,
18,Slyatski Ilya,Dad,rus_Cyrl_bela,Belarus,"Как называется старинное сладкое блюдо в виде воздушного пудинга или суфле, приготовленное из картофельного пюре, яиц, сахара и изюма?",Бульбянка,https://be.wikipedia.org/wiki/%D0%91%D0%B5%D0%BB%D0%B0%D1%80%D1%83%D1%81%D0%BA%D0%B0%D1%8F_%D0%BA%D1%83%D1%85%D0%BD%D1%8F,"What is the name of the old-fashioned sweet dish - resembling an airy pudding or soufflé - made from mashed potatoes, eggs, sugar, and raisins?","What is the name of the old-fashioned sweet dish, in the form of a fluffy pudding or soufflé, made from mashed potatoes, eggs, sugar, and raisins?",Bulbyanka,Bulbianka,,,
19,Slyatski Ilya,Dad,rus_Cyrl_bela,Belarus,"Какое животное изображено на банкноте 1 рубль образца 1992 года, из-за которого белорусские деньги стали называть «зайчиками»?",Заяц-русак,https://ru.wikipedia.org/wiki/%D0%9E%D0%B4%D0%B8%D0%BD_%D1%80%D1%83%D0%B1%D0%BB%D1%8C_(%D0%B1%D0%B0%D0%BD%D0%BA%D0%BD%D0%BE%D1%82%D0%B0_%D0%91%D0%B5%D0%BB%D0%B0%D1%80%D1%83%D1%81%D0%B8),"What animal is depicted on the 1-ruble banknote issued in 1992—the one that led to Belarusian money being nicknamed ""zaichiki"" (little hares)?","Which animal is depicted on the 1-ruble banknote of the 1992 series, leading to Belarusian money being nicknamed 'zaychiki'?",European hare,European hare,,,
20,Slyatski Ilya,Dad,rus_Cyrl_bela,Belarus,Какая самая высокая точка Беларуси?,Гора Дзержинская,https://president.gov.by/ru/belarus/numbers/facts,What is the highest point in Belarus?,What is the highest point in Belarus?,Dzerzhinskaya Mountain,Dzyarzhynskaya Hara (Dzerzhinskaya Hill),,,
21,Slyatski Ilya,Dad,rus_Cyrl_bela,Belarus,В каком году было открыто Минское метро?,1984,https://ru.wikipedia.org/wiki/%D0%9C%D0%B8%D0%BD%D1%81%D0%BA%D0%B8%D0%B9_%D0%BC%D0%B5%D1%82%D1%80%D0%BE%D0%BF%D0%BE%D0%BB%D0%B8%D1%82%D0%B5%D0%BD,In which year was the Minsk Metro opened?,In what year was the Minsk Metro opened?,1984,1984,,,
22,Slyatski Ilya,Dad,rus_Cyrl_bela,Belarus,Сколько раз проводилась деноминация белорусского рубля с момента обретения независимости?,3,https://ru.wikipedia.org/wiki/%D0%91%D0%B5%D0%BB%D0%BE%D1%80%D1%83%D1%81%D1%81%D0%BA%D0%B8%D0%B9_%D1%80%D1%83%D0%B1%D0%BB%D1%8C,How many times has the Belarusian ruble been redenominated since independence?,How many times has the Belarusian ruble been denominated since the country gained independence?,3,3,,,
23,Slyatski Ilya,Dad,rus_Cyrl_bela,Belarus,В каком белорусском городе ежегодно проводится международный фестиваль искусств «Славянский базар»?,Витебск,https://ru.wikipedia.org/wiki/%D0%A1%D0%BB%D0%B0%D0%B2%D1%8F%D0%BD%D1%81%D0%BA%D0%B8%D0%B9_%D0%B1%D0%B0%D0%B7%D0%B0%D1%80,"In which Belarusian city is the ""Slavianski Bazaar"" international arts festival held annually?",In which Belarusian city is the international arts festival 'Slavianski Bazaar' held annually?,Vitebsk,Vitebsk,,,
24,Slyatski Ilya,Dad,rus_Cyrl_bela,Belarus,"В каком году Минск впервые упоминается в ""Повести временных лет""?",1067,https://ru.wikipedia.org/wiki/%D0%9C%D0%B8%D0%BD%D1%81%D0%BA,In what year is Minsk first mentioned in The Tale of Bygone Years (Primary Chronicle)?,In what year is Minsk first mentioned in The Tale of Bygone Years (Primary Chronicle)?,1067,1067,,,
25,Slyatski Ilya,Dad,rus_Cyrl_bela,Belarus,Какая белорусская теннисистка дважды выиграла Australian Open (в 2012 и 2013 годах)?,Виктория Азаренко,"https://ru.wikipedia.org/wiki/%D0%90%D0%B7%D0%B0%D1%80%D0%B5%D0%BD%D0%BA%D0%BE,_%D0%92%D0%B8%D0%BA%D1%82%D0%BE%D1%80%D0%B8%D1%8F_%D0%A4%D1%91%D0%B4%D0%BE%D1%80%D0%BE%D0%B2%D0%BD%D0%B0",Which Belarusian tennis player won the Australian Open twice (in 2012 and 2013)?,Which Belarusian tennis player won the Australian Open twice (in 2012 and 2013)?,Victoria Azarenka,Victoria Azarenka,,,
26,Slyatski Ilya,Dad,rus_Cyrl_bela,Belarus,Сколько линий в Минском метрополитене по состоянию на 2025 год?,3,https://ru.wikipedia.org/wiki/%D0%9C%D0%B8%D0%BD%D1%81%D0%BA%D0%B8%D0%B9_%D0%BC%D0%B5%D1%82%D1%80%D0%BE%D0%BF%D0%BE%D0%BB%D0%B8%D1%82%D0%B5%D0%BD,How many lines does the Minsk Metro have as of 2025?,How many lines does the Minsk Metro have as of 2025?,3,3,,,
27,Slyatski Ilya,Dad,rus_Cyrl_bela,Belarus,Какого числа в Беларуси отмечается День Независимости?,3 July,https://ru.wikipedia.org/wiki/%D0%94%D0%B5%D0%BD%D1%8C_%D0%BD%D0%B5%D0%B7%D0%B0%D0%B2%D0%B8%D1%81%D0%B8%D0%BC%D0%BE%D1%81%D1%82%D0%B8_%D0%A0%D0%B5%D1%81%D0%BF%D1%83%D0%B1%D0%BB%D0%B8%D0%BA%D0%B8_%D0%91%D0%B5%D0%BB%D0%B0%D1%80%D1%83%D1%81%D1%8C,On what date is Independence Day celebrated in Belarus?,On what date is Independence Day celebrated in Belarus?,July 3,July 3,,,
28,Slyatski Ilya,Dad,rus_Cyrl_bela,Belarus,Как называлась первая печатная книга на старобелорусском языке?,«Псалтырь»,"https://ru.wikipedia.org/wiki/%D0%A1%D0%BA%D0%BE%D1%80%D0%B8%D0%BD%D0%B0,_%D0%A4%D1%80%D0%B0%D0%BD%D1%86%D0%B8%D1%81%D0%BA",What was the name of the first printed book in the Old Belarusian language?,What was the name of the first printed book in the Old Belarusian language?,"""Psalter""","""The Psalter"" (Psaltyr)",,,
29,Slyatski Ilya,Dad,rus_Cyrl_bela,Belarus,Какой городской поселок на территории Беларуси больше всех загрязнён радионуклидами после аварии на Чернобыльской АЭС (по данным Минприроды на 2023–2025 годы)?,Брагин,https://sputnik.by/20231025/minprirody-zagryaznennykh-radiatsiey-zemel-v-belarusi-stalo-menshe-1080593970.html,Which urban-type settlement in Belarus is the most heavily contaminated with radionuclides following the Chernobyl nuclear power plant accident (according to data from the Ministry of Natural Resources for 2023–2025)?,Which urban-type settlement in Belarus is the most contaminated with radionuclides following the Chernobyl disaster (according to the Ministry of Natural Resources data for 2023–2025)?,Bragin,Bragin,,,
30,Slyatski Ilya,Dad,rus_Cyrl_bela,Belarus,На какое кол-во человек увеличилось население Минска за 1960-е годы?,400 тысяч человек,https://ru.wikipedia.org/wiki/%D0%9C%D0%BE%D1%81%D0%B8%D0%BD%D0%B6%D0%BF%D1%80%D0%BE%D0%B5%D0%BA%D1%82,By how many people did Minsk's population increase during the 1960s?,By how many people did the population of Minsk increase during the 1960s?,"400,000 people","400,000 people",,,
31,Slyatski Ilya,Dad,rus_Cyrl_bela,Belarus,В каком году был образован Институт «Мосинжпроект»?,1958 году,https://ru.wikipedia.org/wiki/%D0%9C%D0%BE%D1%81%D0%B8%D0%BD%D0%B6%D0%BF%D1%80%D0%BE%D0%B5%D0%BA%D1%82,In which year was the Mosinzhproekt Institute established?,In what year was the Mosinzhproekt Institute established?,1958,1958,,,
32,Slyatski Ilya,Dad,rus_Cyrl_bela,Belarus,"Как называется линия Минского метрополитена, на которой впервые в Беларуси были установлены автоматические платформенные ворота (экраны безопасности)?",Зеленолужская,https://be.wikipedia.org/wiki/%D0%97%D0%B5%D0%BB%D0%B5%D0%BD%D0%B0%D0%BB%D1%83%D0%B6%D1%81%D0%BA%D0%B0%D1%8F_%D0%BB%D1%96%D0%BD%D1%96%D1%8F,What is the name of the Minsk Metro line where automatic platform screen doors were installed for the first time in Belarus?,What is the name of the Minsk Metro line where automatic platform screen doors were installed for the first time in Belarus?,Zielenaluzhskaya,Zielenaluzhskaya,,,
33,Slyatski Ilya,Dad,rus_Cyrl_bela,Belarus,"Какую протяженность составила Некрасовская линия, которую проектировал «Мосинжпроект»?",18 км,https://ru.wikipedia.org/wiki/%D0%9C%D0%BE%D1%81%D0%B8%D0%BD%D0%B6%D0%BF%D1%80%D0%BE%D0%B5%D0%BA%D1%82,What was the length of the Nekrasovskaya Line designed by Mosinzhproekt?,What is the total length of the Nekrasovskaya Line designed by Mosinzhproekt?,18 km,18 km,You can omit the reductions,,
34,Slyatski Ilya,Dad,rus_Cyrl_bela,Belarus,От какого бульвара начинается Смоленский бульвар?,Зубовский бульвар,https://ru.wikipedia.org/wiki/%D0%A1%D0%BC%D0%BE%D0%BB%D0%B5%D0%BD%D1%81%D0%BA%D0%B8%D0%B9_%D0%B1%D1%83%D0%BB%D1%8C%D0%B2%D0%B0%D1%80,From which boulevard does Smolensky Boulevard begin?,From which boulevard does Smolensky Boulevard begin?,Zubovsky Boulevard,Zubovsky Boulevard,,,
35,Slyatski Ilya,Dad,rus_Cyrl_bela,Belarus,В каких годах была осуществлена реконструкция Особняка К. С. Попова (М. К. Морозовой) архитектором В. А. Мазыриным?,1893 - 1894 годы,https://ru.wikipedia.org/wiki/%D0%A1%D0%BC%D0%BE%D0%BB%D0%B5%D0%BD%D1%81%D0%BA%D0%B8%D0%B9_%D0%B1%D1%83%D0%BB%D1%8C%D0%B2%D0%B0%D1%80,During which years was the K. S. Popov (M. K. Morozova) Mansion reconstructed by architect V. A. Mazyrin?,In which years was the reconstruction of the K. S. Popov (M. K. Morozova) Mansion carried out by architect V. A. Mazyrin?,1893–1894,1893–1894,,,
36,Slyatski Ilya,Dad,rus_Cyrl_bela,Belarus,Посольство какой страны находится на Смоленском бульваре?,Перу,https://ru.wikipedia.org/wiki/%D0%A1%D0%BC%D0%BE%D0%BB%D0%B5%D0%BD%D1%81%D0%BA%D0%B8%D0%B9_%D0%B1%D1%83%D0%BB%D1%8C%D0%B2%D0%B0%D1%80,Which country's embassy is located on Smolensky Boulevard?,Which country's embassy is located on Smolensky Boulevard?,Peru,Peru,,,
37,Slyatski Ilya,Dad,rus_Cyrl_bela,Belarus,С какого числа какого года начала издаваться газета «Минский курьер»?,9 февраля 1908 года,https://be.wikipedia.org/wiki/%D0%9C%D0%B8%D0%BD%D1%81%D0%BA%D0%B8%D0%B9_%D0%BA%D1%83%D1%80%D1%8C%D0%B5%D1%80_(1908),On what date and in what year did the 'Minsky Kurier' newspaper begin publication?,On what date and in what year did the 'Minsky Kurier' newspaper begin publication?,"February 9, 1908","February 9, 1908",,,
38,Slyatski Ilya,Dad,rus_Cyrl_bela,Belarus,На ком женился Адам Богданович в возрасте 26 лет?,Мария Апанасовна Мякота,https://be.wikipedia.org/wiki/%D0%9C%D0%B0%D0%BA%D1%81%D1%96%D0%BC_%D0%91%D0%B0%D0%B3%D0%B4%D0%B0%D0%BD%D0%BE%D0%B2%D1%96%D1%87,Whom did Maksim Bahdanovich marry at the age of 26?,Who did Maksim Bahdanovich marry at the age of 26?,Maria Apanasovna Myakota,Maria Apanasauna Myakota,,,
39,Slyatski Ilya,Dad,rus_Cyrl_bela,Belarus,Где жила Ольга Эпифановна Семова в 1906 году?,Пинск,https://be.wikipedia.org/wiki/%D0%9C%D0%B0%D0%BA%D1%81%D1%96%D0%BC_%D0%91%D0%B0%D0%B3%D0%B4%D0%B0%D0%BD%D0%BE%D0%B2%D1%96%D1%87,Where did Olga Epifanovna Semova live in 1906?,Where did Olga Epifanovna Semova live in 1906?,Pinsk,Pinsk,,,
40,Slyatski Ilya,Dad,rus_Cyrl_bela,Belarus,Куда в июне 1908 года снова переехала семья Богдановичей из-за службы отца?,Ярославль,https://be.wikipedia.org/wiki/%D0%9C%D0%B0%D0%BA%D1%81%D1%96%D0%BC_%D0%91%D0%B0%D0%B3%D0%B4%D0%B0%D0%BD%D0%BE%D0%B2%D1%96%D1%87,Where did the Bogdanovich family move again in June 1908 due to the father's job?,To which city did the Bahdanovich family move again in June 1908 due to the father's service?,Yaroslavl,Yaroslavl,,,
41,Slyatski Ilya,Dad,rus_Cyrl_bela,Belarus,В каком году произошло взятие Орши князем Глебом?,1116,https://be.wikipedia.org/wiki/%D0%9E%D1%80%D1%88%D0%B0,In which year did Prince Gleb capture Orsha?,In what year was Orsha captured by Prince Hleb?,1116,1116,,,
42,Slyatski Ilya,Dad,rus_Cyrl_bela,Belarus,В каком году известный политический и религиозный деятель Николай Радзивилл «Черный» основал в Орше на территории современной Беларуси первую протестантскую кальвинистскую общину?,1555,https://be.wikipedia.org/wiki/%D0%9E%D1%80%D1%88%D0%B0,"In which year did the prominent political and religious figure Mikołaj Radziwiłł ""the Black"" found the first Protestant Calvinist congregation in Orsha, in present-day Belarus?","In what year did the prominent political and religious figure Nicholas Radziwill 'the Black' found the first Protestant Calvinist community in Orsha, on the territory of modern-day Belarus?",1555,1555,,,
43,Slyatski Ilya,Dad,rus_Cyrl_bela,Belarus,С чьим правлением связано начало подготовки к войне между Московским государством и Речью Посполитой (1654–1667 гг.)?,Алексей Михайлович,https://be.wikipedia.org/wiki/%D0%92%D0%B0%D0%B9%D0%BD%D0%B0_%D0%9C%D0%B0%D1%81%D0%BA%D0%BE%D1%9E%D1%81%D0%BA%D0%B0%D0%B9_%D0%B4%D0%B7%D1%8F%D1%80%D0%B6%D0%B0%D0%B2%D1%8B_%D0%B7_%D0%A0%D1%8D%D1%87%D1%87%D1%83_%D0%9F%D0%B0%D1%81%D0%BF%D0%B0%D0%BB%D1%96%D1%82%D0%B0%D0%B9_(1654%E2%80%941667),Under whose rule did preparations begin for the war between the Muscovite state and the Polish-Lithuanian Commonwealth (1654–1667)?,Whose reign marked the beginning of preparations for the war between the Tsardom of Russia and the Polish-Lithuanian Commonwealth (1654–1667)?,With Alexei Mikhailovich,With Alexei Mikhailovich,,,
44,Slyatski Ilya,Dad,rus_Cyrl_bela,Belarus,В каком городе после двух лет службы Язеп Дроздович окончил курсы парамедиков и начал работать в амбулатории?,Саратов,https://be.wikipedia.org/wiki/%D0%AF%D0%B7%D1%8D%D0%BF_%D0%94%D1%80%D0%B0%D0%B7%D0%B4%D0%BE%D0%B2%D1%96%D1%87,In which city did Yazep Drozdovich complete a paramedic course and begin working at an outpatient clinic after two years of service?,"In which city, after two years of service, did Yazep Drazdovich complete paramedic courses and begin working in an outpatient clinic?",Saratov,Saratov,,,
45,Slyatski Ilya,Dad,rus_Cyrl_bela,Belarus,"Какое название села, в котором родился Язеп Дроздович родился 13 октября 1888 года?",Пунка,https://be.wikipedia.org/wiki/%D0%AF%D0%B7%D1%8D%D0%BF_%D0%94%D1%80%D0%B0%D0%B7%D0%B4%D0%BE%D0%B2%D1%96%D1%87,"In which village was Yazep Drozdovich born on October 13, 1888?","In which village was Yazep Drazdovich born on October 13, 1888?",Punka,Punka,,,
46,Slyatski Ilya,Dad,rus_Cyrl_bela,Belarus,В каких годах Язеп Дроздович преподавал рисование в польской школе в Лыботске?,1924-1926,https://be.wikipedia.org/wiki/%D0%AF%D0%B7%D1%8D%D0%BF_%D0%94%D1%80%D0%B0%D0%B7%D0%B4%D0%BE%D0%B2%D1%96%D1%87,During which years did Yazep Drozdovich teach art at the Polish school in Lybotsk?,In which years did Yazep Drazdovich teach drawing at a Polish school in Lubotsk?,1924–1926,1924–1926,,,
47,Slyatski Ilya,Dad,rus_Cyrl_bela,Belarus,"С середины какого века стали создаваться специальные пансионы для дворянок, обучение в которых стало сосредоточено на Франции и ее культуре, а языком обучения стал французский?",15 ( XVIII ),https://be.wikipedia.org/wiki/%D0%A8%D0%BB%D1%8F%D1%85%D1%82%D0%B0,"From the middle of which century did special boarding schools for noblewomen begin to be established, where instruction focused on France and its culture, and French became the language of instruction?","Since the middle of which century did special boarding schools for noblewomen begin to be established, where education focused on France and its culture, and French became the language of instruction?",15 ( XVIII ),15 ( XVIII ),"The AI ​​can choose a last option, either the one in brackets or the one next to them",,x
48,Slyatski Ilya,Dad,rus_Cyrl_bela,Belarus,"Выпускник какой академии, Я. Пашковский (1684–1757), обучал детей М.-К. Радзивилла Рыбанки?",Виленской,https://be.wikipedia.org/wiki/%D0%A8%D0%BB%D1%8F%D1%85%D1%82%D0%B0,"A graduate of which academy was Ya. Pashkovsky (1684–1757), who tutored the children of M.-K. Radziwiłł ""Rybka""?","A graduate of which academy was J. Pashkovsky (1684–1757), who tutored the children of M. K. Radziwill 'Rybeńko'?",Vilenskaya,Vilnius,,,
49,Slyatski Ilya,Dad,rus_Cyrl_bela,Belarus,Какая гувернантка занималась воспитанием Софии Замойской?,Мисс Пети,https://be.wikipedia.org/wiki/%D0%A8%D0%BB%D1%8F%D1%85%D1%82%D0%B0,Which governess was responsible for the upbringing of Sofia Zamoyska?,Which governess was responsible for the upbringing of Zofia Zamoyska?,Miss Petty,Miss Petty,,,
50,Slyatski Ilya,Dad,rus_Cyrl_bela,Belarus,В каком году какого месяца было принято решение о возобновлении работы Национальной библиотеки Беларуси?,июль 1944 года,https://be.wikipedia.org/wiki/%D0%9D%D0%B0%D1%86%D1%8B%D1%8F%D0%BD%D0%B0%D0%BB%D1%8C%D0%BD%D0%B0%D1%8F_%D0%B1%D1%96%D0%B1%D0%BB%D1%96%D1%8F%D1%82%D1%8D%D0%BA%D0%B0_%D0%91%D0%B5%D0%BB%D0%B0%D1%80%D1%83%D1%81%D1%96,In which month and year was the decision made to resume the operations of the National Library of Belarus?,In what year and month was the decision made to resume the operations of the National Library of Belarus?,July 1944,July 1944,,,
51,Slyatski Ilya,Dad,rus_Cyrl_bela,Belarus,Какого числа какого года Александр Лукашенко подписал указ «О строительстве здания государственного учреждения «Национальная библиотека Беларуси»?,7 марта 2002 года,https://be.wikipedia.org/wiki/%D0%9D%D0%B0%D1%86%D1%8B%D1%8F%D0%BD%D0%B0%D0%BB%D1%8C%D0%BD%D0%B0%D1%8F_%D0%B1%D1%96%D0%B1%D0%BB%D1%96%D1%8F%D1%82%D1%8D%D0%BA%D0%B0_%D0%91%D0%B5%D0%BB%D0%B0%D1%80%D1%83%D1%81%D1%966,"On what date and in what year did Alexander Lukashenko sign the decree ""On the Construction of the Building of the State Institution 'National Library of Belarus'""?","On what date and in what year did Alexander Lukashenko sign the decree 'On the construction of the building of the state institution ""National Library of Belarus""'?","March 7, 2002","March 7, 2002",,,
52,Slyatski Ilya,Dad,rus_Cyrl_bela,Belarus,Какого числа и года был открыт для читателей современный комплекс Национальной библиотеки Беларуси на проспекте Независимости?,16 июня 2006 года,https://ru.wikipedia.org/wiki/%D0%9D%D0%B0%D1%86%D0%B8%D0%BE%D0%BD%D0%B0%D0%BB%D1%8C%D0%BD%D0%B0%D1%8F_%D0%B1%D0%B8%D0%B1%D0%BB%D0%B8%D0%BE%D1%82%D0%B5%D0%BA%D0%B0_%D0%91%D0%B5%D0%BB%D0%B0%D1%80%D1%83%D1%81%D0%B8,"On what date and in what year was the modern complex of the National Library of Belarus, located on Nezavisimosti Avenue, opened to readers?","On what date and in what year was the modern complex of the National Library of Belarus, located on Nezavisimosti Avenue, opened to readers?","June 16, 2006","June 16, 2006",,,
53,Slyatski Ilya,Dad,rus_Cyrl_bela,Belarus,Сколько городов насчитывалось в 1987 году в Минской области?,19,https://be.wikipedia.org/wiki/%D0%9C%D1%96%D0%BD%D1%81%D0%BA%D0%B0%D1%8F_%D0%B2%D0%BE%D0%B1%D0%BB%D0%B0%D1%81%D1%86%D1%8C,How many cities were there in the Minsk Region in 1987?,How many cities were there in the Minsk Region in 1987?,19 cities,19 cities,,,
54,Slyatski Ilya,Dad,rus_Cyrl_bela,Belarus,С какого числа какого года издается газета « Минская правда »?,1 ноября 1950 года,https://be.wikipedia.org/wiki/%D0%9C%D1%96%D0%BD%D1%81%D0%BA%D0%B0%D1%8F_%D0%B2%D0%BE%D0%B1%D0%BB%D0%B0%D1%81%D1%86%D1%8C,From what date and year has the newspaper *Minskaya Pravda* been published?,Since what date and in what year has the 'Minskaya Pravda' newspaper been published?,"From November 1, 1950","From November 1, 1950",,,
55,Slyatski Ilya,Dad,rus_Cyrl_bela,Belarus,"Какая точная дата (день, месяц и год) проведения в суверенной Республике Беларусь того плебисцита, по результатам которого Парламенту страны (Верховному Совету) было официально рекомендовано внести изменения в статью 73 действовавшей на тот момент Конституции?",14 мая 1995 года,https://www.rec.gov.by/ru/kalendar-ru/,"What is the exact date (day, month, and year) of the plebiscite held in the sovereign Republic of Belarus, following which the country's Parliament (the Supreme Council) was officially recommended to amend Article 73 of the Constitution then in force?","What is the exact date (day, month, and year) of the plebiscite held in the sovereign Republic of Belarus, following which the country's Parliament (the Supreme Council) was officially recommended to amend Article 73 of the Constitution then in force?","May 14, 1995","May 14, 1995",,,
56,Slyatski Ilya,Dad,rus_Cyrl_bela,Belarus,Сколько рек протекает по территории Минской области?,6,https://be.wikipedia.org/wiki/%D0%9C%D1%96%D0%BD%D1%81%D0%BA%D0%B0%D1%8F_%D0%B2%D0%BE%D0%B1%D0%BB%D0%B0%D1%81%D1%86%D1%8C#%D0%93%D1%96%D1%81%D1%82%D0%BE%D1%80%D1%8B%D1%8F,How many rivers flow through the territory of the Minsk Region?,How many rivers flow through the territory of the Minsk Region?,6,6,,,
57,Slyatski Ilya,Dad,rus_Cyrl_bela,Belarus,Сколько районов включает в себя территория Минской области?,22,https://be.wikipedia.org/wiki/%D0%9C%D1%96%D0%BD%D1%81%D0%BA%D0%B0%D1%8F_%D0%B2%D0%BE%D0%B1%D0%BB%D0%B0%D1%81%D1%86%D1%8C#%D0%93%D1%96%D1%81%D1%82%D0%BE%D1%80%D1%8B%D1%8F,How many districts does the territory of the Minsk Region comprise?,How many districts does the territory of the Minsk Region include?,22,22,,,
58,Slyatski Ilya,Dad,rus_Cyrl_bela,Belarus,Кто был первым президентом Белорусской академии наук?,Всеволод Макарович Игнатовский,https://be.wikipedia.org/wiki/%D0%A3%D1%81%D0%B5%D0%B2%D0%B0%D0%BB%D0%B0%D0%B4_%D0%9C%D0%B0%D0%BA%D0%B0%D1%80%D0%B0%D0%B2%D1%96%D1%87_%D0%86%D0%B3%D0%BD%D0%B0%D1%82%D0%BE%D1%9E%D1%81%D0%BA%D1%96,Who was the first president of the Belarusian Academy of Sciences?,Who was the first president of the Belarusian Academy of Sciences?,Vsevolod Makarovich Ignatovsky,Usevalad Makaravich Ihnatowski,,,
59,Slyatski Ilya,Dad,rus_Cyrl_bela,Belarus,Какой институт окончил Всеволод Макарович Игнатовский?,Санкт-Петербургский историко-филологический институт,https://be.wikipedia.org/wiki/%D0%A3%D1%81%D0%B5%D0%B2%D0%B0%D0%BB%D0%B0%D0%B4_%D0%9C%D0%B0%D0%BA%D0%B0%D1%80%D0%B0%D0%B2%D1%96%D1%87_%D0%86%D0%B3%D0%BD%D0%B0%D1%82%D0%BE%D1%9E%D1%81%D0%BA%D1%96,Which institute did Vsevolod Makarovich Ignatovsky graduate from?,Which institute did Usevalad Makaravich Ihnatowski graduate from?,St. Petersburg Historical-Philological Institute,Saint Petersburg Historical and Philological Institute,,,
60,Slyatski Ilya,Dad,rus_Cyrl_bela,Belarus,В качестве кого вошел в Центральный комитет Белорусской Социалистической Революционной Партии Всеволод Макарович Игнатовский?,В качестве представителя автономной организации «Молодая Беларусь»,https://be.wikipedia.org/wiki/%D0%A3%D1%81%D0%B5%D0%B2%D0%B0%D0%BB%D0%B0%D0%B4_%D0%9C%D0%B0%D0%BA%D0%B0%D1%80%D0%B0%D0%B2%D1%96%D1%87_%D0%86%D0%B3%D0%BD%D0%B0%D1%82%D0%BE%D1%9E%D1%81%D0%BA%D1%96,In what capacity did Vsevolod Makarovich Ignatovsky join the Central Committee of the Belarusian Socialist Revolutionary Party?,In what capacity did Usevalad Makaravich Ihnatowski join the Central Committee of the Belarusian Socialist Revolutionary Party?,"As a representative of the autonomous organization ""Young Belarus""","As a representative of the autonomous organization ""Young Belarus""",,,
61,Slyatski Ilya,Dad,rus_Cyrl_bela,Belarus,Какого числа какого года в Москве был подписан договор о дружбе и границах между СССР и Германией?,28 сентября 1939 года,https://be.wikipedia.org/wiki/%D0%92%D1%8F%D0%BB%D1%96%D0%BA%D0%B0%D1%8F_%D0%90%D0%B9%D1%87%D1%8B%D0%BD%D0%BD%D0%B0%D1%8F_%D0%B2%D0%B0%D0%B9%D0%BD%D0%B0,On what date and in what year was the Treaty of Friendship and Borders between the USSR and Germany signed in Moscow?,On what date and in what year was the German–Soviet Frontier Treaty signed in Moscow?,"September 28, 1939","September 28, 1939",,,
62,Slyatski Ilya,Dad,rus_Cyrl_bela,Belarus,"Кто был главнокомандующим польской армией 17 сентября 1939 года, в начале освободительной кампании Красной Армии в Западной Беларуси?",Е. Рыдз-Смиглы,https://be.wikipedia.org/wiki/%D0%92%D1%8F%D0%BB%D1%96%D0%BA%D0%B0%D1%8F_%D0%90%D0%B9%D1%87%D1%8B%D0%BD%D0%BD%D0%B0%D1%8F_%D0%B2%D0%B0%D0%B9%D0%BD%D0%B0,"Who was the commander-in-chief of the Polish army on September 17, 1939, at the beginning of the Red Army's liberation campaign in Western Belarus?","Who was the Commander-in-Chief of the Polish Army on September 17, 1939, at the beginning of the Red Army's liberation campaign in Western Belarus?",Edward Rydz-Śmigły,Edward Rydz-Śmigły,,https://en.wikipedia.org/wiki/Polish_language,
63,Slyatski Ilya,Dad,rus_Cyrl_bela,Belarus,"Как звали Генеральный наркома Беларуси, который принимал эту должность до сентября 1943 года?",Вильгельм Кубе,https://be.wikipedia.org/wiki/%D0%92%D1%8F%D0%BB%D1%96%D0%BA%D0%B0%D1%8F_%D0%90%D0%B9%D1%87%D1%8B%D0%BD%D0%BD%D0%B0%D1%8F_%D0%B2%D0%B0%D0%B9%D0%BD%D0%B0,What was the name of the General Commissar of Belarus who held this position until September 1943?,What was the name of the General Commissar of Belarus who held this position until September 1943?,Wilhelm Kube,Wilhelm Kube,,,
64,Slyatski Ilya,Dad,rus_Cyrl_bela,Belarus,С какого года Пинск стал центром Старости?,1539,https://be.wikipedia.org/wiki/%D0%9F%D1%96%D0%BD%D1%81%D0%BA,In which year did Pinsk become the center of the starosta district?,In what year did Pinsk become the center of the Starosty?,1539,1539,,,
65,Slyatski Ilya,Dad,rus_Cyrl_bela,Belarus,В каком году погиб князь Наримун Гедиминас?,1348,https://be.wikipedia.org/wiki/%D0%9F%D1%96%D0%BD%D1%81%D0%BA,In what year did Prince Narimunt Gediminas die?,In what year did Prince Narimunt Gediminas die?,1348,1348,,,
66,Slyatski Ilya,Dad,rus_Cyrl_bela,Belarus,Что 12 января 1581 года король и великий князь Стефан Батори даровали Пинску?,Магдебургское право,https://be.wikipedia.org/wiki/%D0%9F%D1%96%D0%BD%D1%81%D0%BA,"What did King and Grand Duke Stephen Báthory grant to Pinsk on January 12, 1581?","What did King and Grand Duke Stephen Bathory grant to Pinsk on January 12, 1581?",Magdeburg rights,Magdeburg rights,,,
67,Slyatski Ilya,Dad,rus_Cyrl_bela,Belarus,"Какое первоначальное значение слова ""Гродно""?",Ограда,https://be.wikipedia.org/wiki/%D0%93%D1%80%D0%BE%D0%B4%D0%BD%D0%B0,"What is the original meaning of the word ""Grodno""?","What is the original meaning of the word ""Grodno""?",Fence,Enclosure,You can use very close synonyms in the answer,,x
68,Slyatski Ilya,Dad,rus_Cyrl_bela,Belarus,Сколько микрорайонов в городе Гродно?,120,https://be.wikipedia.org/wiki/%D0%93%D1%80%D0%BE%D0%B4%D0%BD%D0%B0,How many microdistricts are there in the city of Grodno?,How many micro-districts are there in the city of Grodno?,120,120,,,
69,Slyatski Ilya,Dad,rus_Cyrl_bela,Belarus,В каком году вместе с Гедимина Давид Гродно разгромил под Гродно армию Тевтонского полководца Конрада Лихтенштейнского?,1305,https://be.wikipedia.org/wiki/%D0%93%D1%80%D0%BE%D0%B4%D0%BD%D0%B0,"In which year did David of Grodno, together with Gediminas, defeat the army of the Teutonic commander Konrad von Lichtenstein near Grodno?","In what year, together with Gediminas, did David of Grodno defeat the army of the Teutonic commander Konrad von Lichtenstein near Grodno?",1305,1305,,,
70,Slyatski Ilya,Dad,rus_Cyrl_bela,Belarus,В каком году после упразднения княжеств Гродно стал уездным городом Троцкого воеводства?,1413,https://be.wikipedia.org/wiki/%D0%93%D1%80%D0%BE%D0%B4%D0%BD%D0%B0,"In which year, following the abolition of the principalities, did Grodno become a district town of the Trakai Voivodeship?","In what year, after the abolition of the principalities, did Grodno become a county town of the Trakai Voivodeship?",1413,1413,,,
71,Slyatski Ilya,Dad,rus_Cyrl_bela,Belarus,Какого числа какого месяца во время войны 1812 года войска Наполеона вошли в город Гродно?,2 July,https://be.wikipedia.org/wiki/%D0%93%D1%80%D0%BE%D0%B4%D0%BD%D0%B0,On what date and in which month during the War of 1812 did Napoleon's troops enter the city of Grodno?,On what date and in which month during the War of 1812 did Napoleon's troops enter the city of Grodno?,July 2,July 2,,,
72,Slyatski Ilya,Dad,rus_Cyrl_bela,Belarus,В каком году Минск окончательно вернулся в состав БССР и стал её столицей?,1921,https://be.wikipedia.org/wiki/%D0%9C%D1%96%D0%BD%D1%81%D0%BA,In which year did Minsk finally return to the BSSR and become its capital?,In what year did Minsk finally return to the BSSR and become its capital?,1921,1921,,,
73,Slyatski Ilya,Dad,rus_Cyrl_bela,Belarus,В каком году постановлением 2-й сессии Верховного Совета БССР город был переименован в «Минск»?,1939,https://be.wikipedia.org/wiki/%D0%9C%D1%96%D0%BD%D1%81%D0%BA,"In which year was the city renamed ""Minsk"" by a resolution of the 2nd session of the Supreme Soviet of the BSSR?","In what year, by the decree of the 2nd session of the Supreme Soviet of the BSSR, was the city renamed ""Minsk""?",1939,1939,,,
74,Slyatski Ilya,Dad,rus_Cyrl_bela,Belarus,"Какое имя великого князя, который 12 января 1591 года даровал городу Минск герб «образа Успения Пресвятой Богородицы»?",Сигизмунд Васа,https://be.wikipedia.org/wiki/%D0%9C%D1%96%D0%BD%D1%81%D0%BA,"What was the name of the Grand Duke who, on January 12, 1591, granted the city of Minsk a coat of arms featuring the ""image of the Dormition of the Most Holy Theotokos""?","What is the name of the Grand Duke who, on January 12, 1591, granted the city of Minsk the coat of arms depicting the ""Assumption of the Blessed Virgin Mary""?",Sigismund Vasa,Sigismund Vasa,,,
75,Slyatski Ilya,Dad,rus_Cyrl_bela,Belarus,"Какого числа какого месяца город Минск стал центром департамента Великого княжества Литовского, восстановленного Наполеоном?",27 July,https://be.wikipedia.org/wiki/%D0%9C%D1%96%D0%BD%D1%81%D0%BA,"On what date and in which month did the city of Minsk become the center of a department of the Grand Duchy of Lithuania, re-established by Napoleon?","On what date did the city of Minsk become the center of a department of the Grand Duchy of Lithuania, restored by Napoleon?",July 27,July 27,,,
76,Slyatski Ilya,Dad,rus_Cyrl_bela,Belarus,Кто зимой 1822 года написал так называемую « Минскую версию Конституции России?,Никита Муравьев,https://be.wikipedia.org/wiki/%D0%9C%D1%96%D0%BD%D1%81%D0%BA,"Who wrote the so-called ""Minsk version"" of the Constitution of Russia in the winter of 1822?","Who wrote the so-called ""Minsk version"" of the Russian Constitution in the winter of 1822?",Nikita Muravyov,Nikita Muravyov,,,
77,Slyatski Ilya,Dad,rus_Cyrl_bela,Belarus,"По данным Национального статистического комитета Республики Беларусь (Белстат), сколько официально зарегистрированных музеев, включая их филиалы, действовало в административных границах города Минска по состоянию на 31 декабря 2024 года?",10,https://minsk-city.belstat.gov.by/upload/iblock/a5a/0syzfkq53ski3tl5w130unv9v4d9trmd.pdf,"According to the National Statistical Committee of the Republic of Belarus (Belstat), how many officially registered museums, including their branches, were operating within the administrative boundaries of the city of Minsk as of December 31, 2024?","According to the National Statistical Committee of the Republic of Belarus (Belstat), how many officially registered museums, including their branches, were operating within the administrative boundaries of the city of Minsk as of December 31, 2024?",10,10,,,
78,Slyatski Ilya,Dad,rus_Cyrl_bela,Belarus,В каком году было проведено административное деление города Минска было проведено в связи со значительным увеличением населения города (до 218 тысяч человек)?,1938,https://be.wikipedia.org/wiki/%D0%9C%D1%96%D0%BD%D1%81%D0%BA#%D0%9A%D1%96%D1%80%D0%B0%D0%B2%D0%B0%D0%BD%D0%BD%D0%B5_%D0%B3%D0%BE%D1%80%D0%B0%D0%B4%D0%B0%D0%BC,In what year was the administrative division of the city of Minsk carried out in connection with a significant increase in the city's population (up to 218 thousand people)?,"In what year was the administrative division of the city of Minsk carried out due to a significant increase in the city's population (up to 218,000 people)?",1938,1938,,,
79,Slyatski Ilya,Dad,rus_Cyrl_bela,Belarus,В возрасте восьми лет Кулешов был очарован творчеством какого русского поэта?,Михаила Лермонтова,https://be.wikipedia.org/wiki/%D0%90%D1%80%D0%BA%D0%B0%D0%B4%D0%B7%D1%8C_%D0%9A%D1%83%D0%BB%D1%8F%D1%88%D0%BE%D1%9E,"At the age of eight, Kuleshov was fascinated by the work of which Russian poet?","At the age of eight, was Kuleshov captivated by the work of which Russian poet?",Mikhail Lermontov,Mikhail Lermontov,It is not considered a mistake if the AI ​​also writes the patronymic,,
80,Slyatski Ilya,Dad,rus_Cyrl_bela,Belarus,В каком году родители Кулешова развелись?,1924,https://be.wikipedia.org/wiki/%D0%90%D1%80%D0%BA%D0%B0%D0%B4%D0%B7%D1%8C_%D0%9A%D1%83%D0%BB%D1%8F%D1%88%D0%BE%D1%9E,In what year did Kuleshov's parents divorce?,In what year did Kuleshov's parents divorce?,1924,1924,,,
81,Slyatski Ilya,Dad,rus_Cyrl_bela,Belarus," В каком году Аркадий Кулешов вошел в состав руководства шахматно-шашечной секции Спортивного комитета БССР, который был восстановлен после войны?",1946,https://be.wikipedia.org/wiki/%D0%90%D1%80%D0%BA%D0%B0%D0%B4%D0%B7%D1%8C_%D0%9A%D1%83%D0%BB%D1%8F%D1%88%D0%BE%D1%9E,"In what year did Arkady Kuleshov join the leadership of the chess and checkers section of the Sports Committee of the BSSR, which was restored after the war?","In what year did Arkady Kuleshov join the leadership of the chess and checkers section of the Sports Committee of the BSSR, which was re-established after the war?",1946,1946,,,
82,Slyatski Ilya,Dad,rus_Cyrl_bela,Belarus,За какое стихотворение Аркадий Кулешов стал лауреатом Государственной премии СССР (1946)?,«Бригадный флаг»,https://be.wikipedia.org/wiki/%D0%90%D1%80%D0%BA%D0%B0%D0%B4%D0%B7%D1%8C_%D0%9A%D1%83%D0%BB%D1%8F%D1%88%D0%BE%D1%9E,For which poem did Arkady Kuleshov become a laureate of the USSR State Prize (1946)?,For which poem did Arkady Kuleshov become a laureate of the USSR State Prize (1946)?,«Brigade Flag»,«The Banner of the Brigade»,,,
83,Slyatski Ilya,Dad,rus_Cyrl_bela,Belarus,В каком году Могилевскому государственному педагогическому институту было присвоено имя Аркадия Кулешова?,1978,https://be.wikipedia.org/wiki/%D0%90%D1%80%D0%BA%D0%B0%D0%B4%D0%B7%D1%8C_%D0%9A%D1%83%D0%BB%D1%8F%D1%88%D0%BE%D1%9E,In what year was the Mogilev State Pedagogical Institute named after Arkady Kuleshov?,In what year was the Mogilev State Pedagogical Institute named after Arkady Kuleshov?,1978,1978,,,
84,Slyatski Ilya,Dad,rus_Cyrl_bela,Belarus,"Какого числа какого года Витебская область, последняя из областей Беларуси, получила свой собственный герб и флаг?",2 июня 2009 года,https://be.wikipedia.org/wiki/%D0%92%D1%96%D1%86%D0%B5%D0%B1%D1%81%D0%BA%D0%B0%D1%8F_%D0%B2%D0%BE%D0%B1%D0%BB%D0%B0%D1%81%D1%86%D1%8C,On what date and year did the Vitebsk region become the last of the Belarusian regions to receive its own coat of arms and flag?,"On what date did the Vitebsk Region, the last of the regions of Belarus to do so, receive its own coat of arms and flag?","June 2, 2009","June 2, 2009",,,
85,Slyatski Ilya,Dad,rus_Cyrl_bela,Belarus,На какой реке расположен город Марьина Горка в Беларуси?,На реке Титовка,https://be.wikipedia.org/wiki/%D0%9C%D0%B0%D1%80%E2%80%99%D1%96%D0%BD%D0%B0_%D0%93%D0%BE%D1%80%D0%BA%D0%B0,On which river is the town of Marina Gorka in Belarus located?,On which river is the town of Maryina Horka in Belarus located?,Titovka River,Titovka River,,,
86,Slyatski Ilya,Dad,rus_Cyrl_bela,Belarus,"Какого числа какого года, согласно Третьей хартии Марьино Горки, оно было объявлено частью Белорусской Народной Республики?",25 марта 1918 года,https://be.wikipedia.org/wiki/%D0%9C%D0%B0%D1%80%E2%80%99%D1%96%D0%BD%D0%B0_%D0%93%D0%BE%D1%80%D0%BA%D0%B0,"On what date and year, according to the Third Charter of Maryino Gorka, was it declared part of the Belarusian People's Republic?","On what date, according to the Third Constituent Charter, was Maryina Horka declared part of the Belarusian People's Republic?","March 25, 1918","March 25, 1918",,,
87,Slyatski Ilya,Dad,rus_Cyrl_bela,Belarus,В каком году Гродно стал отдельным владением князя Витаутаса?,1376,https://be.wikipedia.org/wiki/%D0%93%D1%80%D0%BE%D0%B4%D0%BD%D0%B0,In what year did Grodno become a separate possession of Prince Vytautas?,In what year did Grodno become a separate possession of Prince Vytautas?,1376,1376,,,
88,Slyatski Ilya,Dad,rus_Cyrl_bela,Belarus,В какой исторической летописи город Брест впервые упоминается под названием Берестье?,«Повесть о минувших годах»,https://be.wikipedia.org/wiki/%D0%91%D1%80%D1%8D%D1%81%D1%82,In which historical chronicle is the city of Brest first mentioned under the name Berestye?,In which historical chronicle is the city of Brest first mentioned under the name Berestye?,"""The Tale of Bygone Years""",the 'Primary Chronicle',,,
89,Slyatski Ilya,Dad,rus_Cyrl_bela,Belarus,В каком году великий князь Киевский Святополк Изяславич изгнал из Бреста волынского князя Давида Игоревича?,1097,https://be.wikipedia.org/wiki/%D0%91%D1%80%D1%8D%D1%81%D1%82,In what year did the Grand Duke of Kiev Svyatopolk Izyaslavich expel the Volyn Prince David Igorevich from Brest?,"In what year did the Grand Duke of Kyiv, Sviatopolk Iziaslavych, expel the Volhynian Prince Davyd Ihorovych from Brest?",1097,1097,,,
90,Slyatski Ilya,Dad,rus_Cyrl_bela,Belarus,В каком году великий князь Литовский Гедиминас присоединил Брест к Великому княжеству Литовскому?,1319,https://be.wikipedia.org/wiki/%D0%91%D1%80%D1%8D%D1%81%D1%82,In what year did the Grand Duke of Lithuania Gediminas annex Brest to the Grand Duchy of Lithuania?,"In what year did the Grand Duke of Lithuania, Gediminas, annex Brest to the Grand Duchy of Lithuania?",1319,1319,,,
91,Slyatski Ilya,Dad,rus_Cyrl_bela,Belarus,Какое важное историческое событие произошло в Брестском замке в 1653 году?,Сейм Речи Посполитой,https://be.wikipedia.org/wiki/%D0%91%D1%80%D1%8D%D1%81%D1%82,Which important historical event took place at Brest Castle in 1653?,Which important historical event took place at Brest Castle in 1653?,Sejm of the Polish-Lithuanian Commonwealth,Sejm of the Polish-Lithuanian Commonwealth,,,
92,Slyatski Ilya,Dad,rus_Cyrl_bela,Belarus,В каком году Белорусский научно-исследовательский и проектный институт городского планирования разработал проект регенерации исторической части Бреста?,1985,https://be.wikipedia.org/wiki/%D0%91%D1%80%D1%8D%D1%81%D1%82,In what year did the Belarusian Research and Design Institute of Urban Planning develop a project to regenerate the historical part of Brest?,In what year did the Belarusian Research and Design Institute of Urban Planning develop a project for the regeneration of the historical part of Brest?,1985,1985,,,
93,Slyatski Ilya,Dad,rus_Cyrl_bela,Belarus,Против какой команды состоялся дебют в Бундеслиге у Александра Павловича Глеба 5 сентября 2000 года в выездном матче?,«Кайзерслаутерн»,https://be.wikipedia.org/wiki/%D0%90%D0%BB%D1%8F%D0%BA%D1%81%D0%B0%D0%BD%D0%B4%D1%80_%D0%9F%D0%B0%D1%9E%D0%BB%D0%B0%D0%B2%D1%96%D1%87_%D0%93%D0%BB%D0%B5%D0%B1,"Against which team did Alexander Pavlovich Gleb make his Bundesliga debut in an away match on September 5, 2000?","Against which team did Alexander Hleb make his Bundesliga debut in an away match on September 5, 2000?",Against Kaiserslautern,Against Kaiserslautern,,,
94,Slyatski Ilya,Dad,rus_Cyrl_bela,Belarus,"В каком году поселок Осиповичи, возникший вокруг станции, получил статус городского поселения?",1900,https://be.wikipedia.org/wiki/%D0%90%D1%81%D1%96%D0%BF%D0%BE%D0%B2%D1%96%D1%87%D1%8B,"In what year did the village of Osipovichi, which arose around the station, receive the status of an urban settlement?","In what year did the settlement of Osipovichi, which emerged around the station, receive the status of an urban settlement?",1900,1900,,,
95,Slyatski Ilya,Dad,rus_Cyrl_bela,Belarus,Сколько хозяйств насчитывалось в 1834 году в селе Осиповичи?,26 хозяйств,https://be.wikipedia.org/wiki/%D0%90%D1%81%D1%96%D0%BF%D0%BE%D0%B2%D1%96%D1%87%D1%8B,How many farms were there in the village of Osipovichi in 1834?,How many households were there in the village of Osipovichi in 1834?,26 farms,26 farms,,,
96,Slyatski Ilya,Dad,rus_Cyrl_bela,Belarus,"Как называлась железная дорога, на которой в 1872 году была открыта станция Осиповичи?",Либаво-Роменская,https://be.wikipedia.org/wiki/%D0%90%D1%81%D1%96%D0%BF%D0%BE%D0%B2%D1%96%D1%87%D1%8B,What was the name of the railway on which the Osipovichi station was opened in 1872?,What was the name of the railway on which the Osipovichi station was opened in 1872?,Libau–Romny Railway,Libau–Romny Railway,,,
97,Slyatski Ilya,Dad,rus_Cyrl_bela,Belarus,Какого числа какого года Польские легионеры Дубора-Мусницкого приблизились к Осиповичам?,18 января 1918 года,https://be.wikipedia.org/wiki/%D0%90%D1%81%D1%96%D0%BF%D0%BE%D0%B2%D1%96%D1%87%D1%8B,On what date and year did Dubor-Musnicki's Polish legionaries approach Osipovichi?,On what date and in what year did Dowbor-Muśnicki's Polish legionnaires approach Osipovichi?,"January 18, 1918","January 18, 1918",,,
98,Slyatski Ilya,Dad,rus_Cyrl_bela,Belarus,Какого числа какого года части Красной Армии вошли в Осиповичи в период Польской оккупации?,10 июля 1920 года,https://be.wikipedia.org/wiki/%D0%90%D1%81%D1%96%D0%BF%D0%BE%D0%B2%D1%96%D1%87%D1%8B,On what date and year did units of the Red Army enter Osipovichi during the Polish occupation?,On what date and in what year did Red Army units enter Osipovichi during the Polish occupation?,"July 10, 1920","July 10, 1920",,,
99,Slyatski Ilya,Dad,rus_Cyrl_bela,Belarus,"В каком году на средства Юрия Абрамовича, тогдашнего владельца Суботников, и его жены Марии была построена последняя деревянная церковь в городе?",1755,https://be.wikipedia.org/wiki/%D0%9A%D0%B0%D1%81%D1%86%D1%91%D0%BB_%D0%A1%D0%B2%D1%8F%D1%82%D0%BE%D0%B3%D0%B0_%D0%A3%D0%BB%D0%B0%D0%B4%D0%B7%D1%96%D1%81%D0%BB%D0%B0%D0%B2%D0%B0_(%D0%A1%D1%83%D0%B1%D0%BE%D1%82%D0%BD%D1%96%D0%BA%D1%96),"In what year was the last wooden church in the city built with funds from Yuri Abramovich, the then owner of Subotniki, and his wife Maria?","In what year was the last wooden church in the town built at the expense of Yuri Abramovich, the then-owner of Subotniki, and his wife Maria?",1755,1755,,,
100,Slyatski Ilya,Dad,rus_Cyrl_bela,Belarus,На сколько нефов разделен интерьер Церкви Святого Владислава?,3,https://be.wikipedia.org/wiki/%D0%9A%D0%B0%D1%81%D1%86%D1%91%D0%BB_%D0%A1%D0%B2%D1%8F%D1%82%D0%BE%D0%B3%D0%B0_%D0%A3%D0%BB%D0%B0%D0%B4%D0%B7%D1%96%D1%81%D0%BB%D0%B0%D0%B2%D0%B0_(%D0%A1%D1%83%D0%B1%D0%BE%D1%82%D0%BD%D1%96%D0%BA%D1%96),How many naves is the interior of St. Vladislav's Church divided into?,Into how many naves is the interior of the Church of St. Ladislaus divided?,3,3,,,
101,Slyatski Ilya,Dad,rus_Cyrl_bela,Belarus,В каком районе родилась Валентина Петровна Лемцюгов?,Паргаловский,https://be.wikipedia.org/wiki/%D0%92%D0%B0%D0%BB%D1%8F%D0%BD%D1%86%D1%96%D0%BD%D0%B0_%D0%9F%D1%8F%D1%82%D1%80%D0%BE%D1%9E%D0%BD%D0%B0_%D0%9B%D0%B5%D0%BC%D1%86%D1%8E%D0%B3%D0%BE%D0%B2%D0%B0,In what region was Valentina Petrovna Lemtsyugov born?,In which district was Valentina Petrovna Lemtyugova born?,Pargalovsky District,Pargalovsky District,,,
102,Slyatski Ilya,Dad,rus_Cyrl_bela,Belarus,С какого года Валентина Петровна Лемцюгов работает в Институте лингвистики Академии наук Белорусской ССР?,1961,https://be.wikipedia.org/wiki/%D0%92%D0%B0%D0%BB%D1%8F%D0%BD%D1%86%D1%96%D0%BD%D0%B0_%D0%9F%D1%8F%D1%82%D1%80%D0%BE%D1%9E%D0%BD%D0%B0_%D0%9B%D0%B5%D0%BC%D1%86%D1%8E%D0%B3%D0%BE%D0%B2%D0%B0,Since what year has Valentina Petrovna Lemtsyugov worked at the Institute of Linguistics of the Academy of Sciences of the Byelorussian SSR?,Since what year has Valentina Petrovna Lemtyugova worked at the Institute of Linguistics of the Academy of Sciences of the Belarusian SSR?,1961,1961,,,
103,Slyatski Ilya,Dad,rus_Cyrl_bela,Belarus,С какого года центром хозяйствования Добруша была деревня Вылевская волость Белицкого района?,1777,https://be.wikipedia.org/wiki/%D0%94%D0%BE%D0%B1%D1%80%D1%83%D1%88,"Since what year was the village of Vylevskaya volost, Belitsky district, the center of the economy of Dobrush?",Since what year has the village of Vylevo in the Belitsky District been the administrative center of Dobrush?,1777,1777,,,
104,Slyatski Ilya,Dad,rus_Cyrl_bela,Belarus,В какого году Добруш перешёл к князю И. Ф. Паскевичу?,1834,https://be.wikipedia.org/wiki/%D0%94%D0%BE%D0%B1%D1%80%D1%83%D1%88,In what year did Dobrush pass to Prince I. F. Paskevich?,In what year did Dobrush pass to Prince I. F. Paskevich?,1834,1834,,,
105,Slyatski Ilya,Dad,rus_Cyrl_bela,Belarus,Кто является автором гимна города Добруш?,Николай Николаевич Жданович,https://be.wikipedia.org/wiki/%D0%94%D0%BE%D0%B1%D1%80%D1%83%D1%88,Who is the author of the anthem of the city of Dobrush?,Who is the author of the Dobrush city anthem?,Nikolai Nikolaevich Zhdanovich,Nikolai Nikolaevich Zhdanovich,,,
106,Slyatski Ilya,Dad,rus_Cyrl_bela,Belarus,В каком году Государственный комитет по стандартизации Республики Беларусь опубликовал постановление «СТБ 911-2008: Государственный флаг Республики Беларусь»?,2008,https://be.wikipedia.org/wiki/%D0%A1%D1%86%D1%8F%D0%B3_%D0%91%D0%B5%D0%BB%D0%B0%D1%80%D1%83%D1%81%D1%96,"In what year did the State Standardization Committee of the Republic of Belarus publish the resolution ""STB 911-2008: State Flag of the Republic of Belarus""?",In what year did the State Committee for Standardization of the Republic of Belarus publish the resolution 'STB 911-2008: State Flag of the Republic of Belarus'?,2008,2008,,,
107,Slyatski Ilya,Dad,rus_Cyrl_bela,Belarus,Какого числа какого года флаг Белорусской Советской Социалистической Республики был принят указом?,25 декабря 1951 года,https://be.wikipedia.org/wiki/%D0%A1%D1%86%D1%8F%D0%B3_%D0%91%D0%B5%D0%BB%D0%B0%D1%80%D1%83%D1%81%D1%96,On what date and year was the flag of the Byelorussian Soviet Socialist Republic adopted by decree?,On what date and in what year was the flag of the Belarusian Soviet Socialist Republic adopted by decree?,"December 25, 1951","December 25, 1951",,,
108,Slyatski Ilya,Dad,rus_Cyrl_bela,Belarus,В каком году президент Лукашенко издал указ о создании флага Вооруженных Сил Беларуси?,2001,https://be.wikipedia.org/wiki/%D0%A1%D1%86%D1%8F%D0%B3_%D0%91%D0%B5%D0%BB%D0%B0%D1%80%D1%83%D1%81%D1%96,In what year did President Lukashenko issue a decree creating a flag for the Armed Forces of Belarus?,In what year did President Lukashenko issue a decree establishing the flag of the Armed Forces of Belarus?,2001,2001,,,
109,Slyatski Ilya,Dad,rus_Cyrl_bela,Belarus,Сколько ручьев впадает в озеро Вечелье?,4,https://be.wikipedia.org/wiki/%D0%92%D0%B5%D1%87%D0%B0%D0%BB%D0%BB%D0%B5,How many streams flow into Lake Vechelye?,How many streams flow into Lake Vechelye?,4,4,,,
110,Slyatski Ilya,Dad,rus_Cyrl_bela,Belarus,Какого числа какого года вышел первый номер газеты «Известия Борисовского Совдепа»?,15 декабря 1918 года,https://be.wikipedia.org/wiki/%D0%90%D0%B4%D0%B7%D1%96%D0%BD%D1%81%D1%82%D0%B2%D0%B0_(%D0%B3%D0%B0%D0%B7%D0%B5%D1%82%D0%B0),"On what date was the first issue of the newspaper ""Izvestia of the Borisov Sovdep"" published?",On what date was the first issue of the 'Izvestia of the Borisov Sovdep' newspaper published?,"December 15, 1918","December 15, 1918",,,
111,Slyatski Ilya,Dad,rus_Cyrl_bela,Belarus,"В каком году газета «Известия Борисовского Совдепа» была переименована в «Известия Борисовского уездного Совета рабочей, крестьянских и красноармейских депутатов»?",1919,https://be.wikipedia.org/wiki/%D0%90%D0%B4%D0%B7%D1%96%D0%BD%D1%81%D1%82%D0%B2%D0%B0_(%D0%B3%D0%B0%D0%B7%D0%B5%D1%82%D0%B0),"In what year was the newspaper Izvestia of the Borisov Sovdep renamed to Izvestia of the Borisov District Council of Workers, Peasants, and Red Army Deputies?","In what year was the 'Izvestia of the Borisov Sovdep' newspaper renamed to 'Izvestia of the Borisov Uyezd Soviet of Workers', Peasants', and Red Army Deputies'?",1919,1919,,,
112,Slyatski Ilya,Dad,rus_Cyrl_bela,Belarus,Какого числа какого года деревня Лебединая была взята под юрисдикцию совета поселений?,5 сентября 2008 года,https://be.wikipedia.org/wiki/%D0%9F%D1%80%D0%B0%D1%9E%D0%B4%D0%B7%D1%96%D0%BD%D1%81%D0%BA%D1%96,On what date and in what year was the village of Lebedinaya taken under the jurisdiction of the village council?,On what date and in what year was the village of Lebedinaya taken under the jurisdiction of the settlement council?,"September 5, 2008","September 5, 2008",,,
113,Slyatski Ilya,Dad,rus_Cyrl_bela,Belarus,В каком году Мстиславль упоминается в Ипатьевской летописи как «город» Смоленского княжества?,1156,https://be.wikipedia.org/wiki/%D0%9C%D1%81%D1%86%D1%96%D1%81%D0%BB%D0%B0%D1%9E,"In what year is Mstislavl mentioned in the Ipatiev Chronicle as a ""city"" of the Smolensk principality?",In what year was Mstislavl mentioned in the Ipatiev Chronicle as a 'city' of the Smolensk Principality?,1156,1156,,,
114,Slyatski Ilya,Dad,rus_Cyrl_bela,Belarus,В каком году под Мстиславом произошло сражение между армиями Великой Литвы и Москвы?,1501,https://be.wikipedia.org/wiki/%D0%9C%D1%81%D1%86%D1%96%D1%81%D0%BB%D0%B0%D1%9E,In what year did the battle between the armies of Great Lithuania and Moscow take place near Mstislav?,In what year did the battle between the armies of Great Lithuania and Moscow take place near Mstislavl?,1501,1501,,,
115,Slyatski Ilya,Dad,rus_Cyrl_bela,Belarus,Какого числа какого года король и великий князь Владислав Васа даровал Мстиславлю Магдебургский закон и герб города?,16 августа 1634 года,https://be.wikipedia.org/wiki/%D0%9C%D1%81%D1%86%D1%96%D1%81%D0%BB%D0%B0%D1%9E,On what date and year did King and Grand Duke Vladislav Vasa grant Mstislav the Magdeburg Law and the city's coat of arms?,On what date and in what year did King and Grand Duke Wladyslaw Vasa grant Mstislavl the Magdeburg rights and the city's coat of arms?,"August 16, 1634","August 16, 1634",,,
116,Slyatski Ilya,Dad,rus_Cyrl_bela,Belarus,"Какого числа какого года, согласно постановлению Первого съезда Коммунистической партии Беларуси (большевиков), Мстиславль вошёл в состав Белорусской ССР?",1 января 1919 года,https://be.wikipedia.org/wiki/%D0%9C%D1%81%D1%86%D1%96%D1%81%D0%BB%D0%B0%D1%9E,"On what date and year, according to the resolution of the First Congress of the Communist Party of Belarus (Bolsheviks), did Mstislavl become part of the Byelorussian SSR?","On what date and in what year, according to the resolution of the First Congress of the Communist Party of Belarus (Bolsheviks), did Mstislavl become part of the Belarusian SSR?","January 1, 1919","January 1, 1919",,,
117,Slyatski Ilya,Dad,rus_Cyrl_bela,Belarus,Какого числа какого года на очередном заседании власти Мстиславля утвердили герб города и района?,2 декабря 2000 года,https://be.wikipedia.org/wiki/%D0%9C%D1%81%D1%86%D1%96%D1%81%D0%BB%D0%B0%D1%9E,On what date and year did the Mstislavl authorities approve the coat of arms of the city and district at their next meeting?,"On what date and in what year, at a regular session, did the Mstislavl authorities approve the coat of arms of the city and the district?","December 2, 2000","December 2, 2000",,,
118,Slyatski Ilya,Dad,rus_Cyrl_bela,Belarus,В каком году Зориан Доленга-Ходаковский отождествил Немигу с каналом в Минске?,1821,https://be.wikipedia.org/wiki/%D0%9D%D1%8F%D0%BC%D1%96%D0%B3%D0%B0_(%D1%80%D0%B0%D0%BA%D0%B0),In what year did Zorian Dolenga-Khodakovsky identify Nemiga with the canal in Minsk?,In what year did Zorian Dołęga-Chodakowski identify the Nemiga with a canal in Minsk?,1821,1821,,,
119,Slyatski Ilya,Dad,rus_Cyrl_bela,Belarus,В каком году Янка Купала окончил народную школу имени Белоруцкого?,1898,https://be.wikipedia.org/wiki/%D0%AF%D0%BD%D0%BA%D0%B0_%D0%9A%D1%83%D0%BF%D0%B0%D0%BB%D0%B0,In what year did Yanka Kupala graduate from the Belorutsky Public School?,In what year did Yanka Kupala graduate from the Belorutskoye Public School?,1898,1898,,,
120,Slyatski Ilya,Dad,rus_Cyrl_bela,Belarus,Осенью какого года Янка Купала переехал в Вильнюс по приглашению Ивана и Антона Луцкевичей?,1908,https://be.wikipedia.org/wiki/%D0%AF%D0%BD%D0%BA%D0%B0_%D0%9A%D1%83%D0%BF%D0%B0%D0%BB%D0%B0,In the autumn of what year did Yanka Kupala move to Vilnius at the invitation of Ivan and Anton Lutskevich?,In the autumn of which year did Yanka Kupala move to Vilnius at the invitation of Ivan and Anton Luckievich?,1908,1908,,,
121,Slyatski Ilya,Dad,rus_Cyrl_bela,Belarus,Какого числа какого года вышел второй сборник стихов «Гусляры» Янки Купалы?,13 октября 1910 года,https://be.wikipedia.org/wiki/%D0%AF%D0%BD%D0%BA%D0%B0_%D0%9A%D1%83%D0%BF%D0%B0%D0%BB%D0%B0,"On what date and year was Yanka Kupala's second collection of poems, ""Guslyari,"" published?","On what date and in what year was Yanka Kupala's second collection of poems, 'Guslyary', published?","October 13, 1910","October 13, 1910",,,
122,Slyatski Ilya,Dad,rus_Cyrl_bela,Belarus,Какого числа какого года он совершил свою первую сценическую работу — комедию «Павлинка»?,3 июня 1912 года,https://be.wikipedia.org/wiki/%D0%AF%D0%BD%D0%BA%D0%B0_%D0%9A%D1%83%D0%BF%D0%B0%D0%BB%D0%B0,"On what date and year did he perform his first stage work, the comedy ""Pavlinka""?",On what date and in what year did he perform his first stage work — the comedy 'Paulinka'?,"June 3, 1912","June 3, 1912",,,
123,Slyatski Ilya,Dad,rus_Cyrl_bela,Belarus,"Какого числа и в каком году состоялась премьера пьесы Янки Купалы ""Павлинка""?",1918,https://be.wikipedia.org/wiki/%D0%AF%D0%BD%D0%BA%D0%B0_%D0%9A%D1%83%D0%BF%D0%B0%D0%BB%D0%B0,On what date and in what year did Yanka Kupala's play 'Paulinka' premiere on stage?,On what date and in what year did Yanka Kupala's play 'Paulinka' premiere on stage?,1918,1918,,,
124,Slyatski Ilya,Dad,rus_Cyrl_bela,Belarus,"В каком году в «Повести о минувших временах» Полоцк упоминается среди городов, которым Византия должна была платить дань после похода Олега на Константинополь?",907,https://be.wikipedia.org/wiki/%D0%9F%D0%BE%D0%BB%D0%B0%D1%86%D0%BA%D0%B0%D0%B5_%D0%BA%D0%BD%D1%8F%D1%81%D1%82%D0%B2%D0%B0,In what year in the Tale of Bygone Times is Polotsk mentioned among the cities to which Byzantium had to pay tribute after Oleg's campaign against Constantinople?,"In what year, according to the 'Tale of Bygone Years', was Polotsk mentioned among the cities to which Byzantium had to pay tribute following Oleg's campaign against Constantinople?",907,907,,,
125,Slyatski Ilya,Dad,rus_Cyrl_bela,Belarus,"В каком году в летописи впервые упоминают полоцкого князя Рогволода , который «пришёл из-за моря»?",980,https://be.wikipedia.org/wiki/%D0%9F%D0%BE%D0%BB%D0%B0%D1%86%D0%BA%D0%B0%D0%B5_%D0%BA%D0%BD%D1%8F%D1%81%D1%82%D0%B2%D0%B0,"In what year does the chronicle first mention the Polotsk prince Rogvolod, who “came from overseas”?","In what year does the chronicle first mention Prince Rogvolod of Polotsk, who 'came from across the sea'?",980,980,,,