ID,Author,Checked By,Language,Country/Region,Question,Answer,Evidence_url,Question Automatic Translation,Question Corrected Translation,Answer Automatic Translation,Answer Corrected Translation,Translation Corrected By,Notes,URL language (if different from target language),Exclude,
1,Mehak Soomro ,Ahmed Mujtaba,snd_arab,Sindh Pakistan ,دنيا جي 50 وڏن درياهن ۾  شامل ھڪ دريا جيڪو سنڌ ۾ ڪھڙو موجود آھي ؟,سنڌو دريا ,https://sd.wikipedia.org/wiki/%D8%B3%D9%86%DA%8C%D9%88_%D8%AF%D8%B1%D9%8A%D8%A7%DA%BE,"Which river, among the 50 largest rivers in the world, is located in Sindh?",,Indus River,,,,,,
2,Mehak Soomro ,Ahmed Mujtaba,snd_arab,Sindh Pakistan ,سنڌو دريا تي ڪھڙي تھذيب جنم ورتو؟,سنڌو تھذيب,https://sd.wikipedia.org/wiki/%D8%B3%D9%86%DA%8C%D9%88_%D8%AF%D8%B1%D9%8A%D8%A7%DA%BE,What civilization arose on the Indus River?,,Indus Valley Civilization,,,,,,
3,Mehak Soomro ,Ahmed Mujtaba,snd_arab,Sindh Pakistan ,515 قبل مسيح ڌاري فارس جي بادشاهه دارا  پنهنجي ڪھڙي  يوناني ماهر  کي هن درياه جي کوجنا لاءِ موڪليو هو؟,اسڪائيلڪس,https://sd.wikipedia.org/wiki/%D8%B3%D9%86%DA%8C%D9%88_%D8%AF%D8%B1%D9%8A%D8%A7%DA%BE,"In 515 BC, which Greek expert did the Persian King Darius send to explore this river?",,Skylarks,Scylax,Mehak Soomro,,,,
4,Mehak Soomro ,Ahmed Mujtaba,snd_arab,Sindh Pakistan ,سنڌو درياهه  پنهنجو سفر  ڪٿان شروع  ڪري ٿو؟,لداخ,https://sd.wikipedia.org/wiki/%D8%B3%D9%86%DA%8C%D9%88_%D8%AF%D8%B1%D9%8A%D8%A7%DA%BE,Where does the Indus River begin its journey?,,Ladakh,,,,,,
5,Mehak Soomro ,Ahmed Mujtaba,snd_arab,Sindh Pakistan ,سنڌو درياهه ڏکڻ ايشيا ۾ ڪھڙي  سمنڊ ۾ ڇوڙ ڪري ٿو؟,عربي سمنڊ,https://sd.wikipedia.org/wiki/%D8%B3%D9%86%DA%8C%D9%88_%D8%AF%D8%B1%D9%8A%D8%A7%DA%BE,In which sea does the Indus River flow in South Asia?,,Arabian Sea,,,,,,
6,Mehak Soomro ,Ahmed Mujtaba,snd_arab,Sindh Pakistan ,شاهہ عبداللطيف ڀٽائي جي مزار ڪٿي واقعي آھي؟,ڀٽ شاھ,https://sd.wikipedia.org/w/index.php?search=shah+latif&title=%D8%AE%D8%A7%D8%B5:%DA%B3%D9%88%D9%84%D8%A7&ns0=1,Where is the actual tomb of Shah Abdul Latif Bhitai?,,Bhat Shah,Bhit Shah,Mehak Soomro,,,,
7,Mehak Soomro ,Ahmed Mujtaba,snd_arab,Sindh Pakistan ,سنڌ جو مشهور ۽ وڏو صوفي شاعر ڪير هو؟,شاهہ عبداللطيف ڀٽائي,https://sd.wikipedia.org/wiki/%D8%B4%D8%A7%D9%87%DB%81_%D8%B9%D8%A8%D8%AF%D8%A7%D9%84%D9%84%D8%B7%D9%8A%D9%81_%DA%80%D9%BD%D8%A7%D8%A6%D9%8A_%D8%AC%D9%8A_%D9%85%D8%B2%D8%A7%D8%B1,Who was the famous and greatest Sufi poet of Sindh?,,Shah Abdul Latif Bhittai,,,,,,
8,Mehak Soomro ,Ahmed Mujtaba,snd_arab,Sindh Pakistan ,شاھ جي شاعري جي مجموعي کي ڇا چيو وڃي ٿو,شاهه جو رسالو,https://sd.wikipedia.org/wiki/%D8%B4%D8%A7%D9%87%DB%81_%D8%B9%D8%A8%D8%AF%D8%A7%D9%84%D9%84%D8%B7%D9%8A%D9%81_%DA%80%D9%BD%D8%A7%D8%A6%D9%8A_%D8%AC%D9%8A_%D9%85%D8%B2%D8%A7%D8%B1,What is the collection of Shah's poetry called?,,Shah's magazine,Shah Jo Risalo,Ahmed Mujtaba,both translation are correct ,,,
9,Mehak Soomro ,Ahmed Mujtaba,snd_arab,Sindh Pakistan ,ڀٽائي جي مزار ڪنھن  ٺهرائي؟,ميان غلام شاهه ڪلهوڙي ,https://sd.wikipedia.org/wiki/%D8%B4%D8%A7%D9%87%DB%81_%D8%B9%D8%A8%D8%AF%D8%A7%D9%84%D9%84%D8%B7%D9%8A%D9%81_%DA%80%D9%BD%D8%A7%D8%A6%D9%8A_%D8%AC%D9%8A_%D9%85%D8%B2%D8%A7%D8%B1,Who built Bhitai's shrine?,Who built Bhitai's shrine in Sindh?,Mian Ghulam Shah Kalhoro,,,,,,
10,Mehak Soomro ,Ahmed Mujtaba,snd_arab,Sindh Pakistan ,ڀٽائي جي مزار ڪھڙي سال ۾  ٺهرائي؟,1772ع,https://sd.wikipedia.org/wiki/%D8%B4%D8%A7%D9%87%DB%81_%D8%B9%D8%A8%D8%AF%D8%A7%D9%84%D9%84%D8%B7%D9%8A%D9%81_%DA%80%D9%BD%D8%A7%D8%A6%D9%8A_%D8%AC%D9%8A_%D9%85%D8%B2%D8%A7%D8%B1,In which year was Bhitai's shrine built?,In which year was Bhitai's shrine built in Sindh?,1772,,,,,,
11,Mehak Soomro ,Ahmed Mujtaba,snd_arab,Sindh Pakistan ,هر سال لطيف جي عرس ۾ ڪيترا عقيدتمند هن جي  مزار تي ايندا آهن؟,5 ملين,https://sd.wikipedia.org/wiki/%D8%B4%D8%A7%D9%87%DB%81_%D8%B9%D8%A8%D8%AF%D8%A7%D9%84%D9%84%D8%B7%D9%8A%D9%81_%DA%80%D9%BD%D8%A7%D8%A6%D9%8A_%D8%AC%D9%8A_%D9%85%D8%B2%D8%A7%D8%B2,How many devotees visit Latif's shrine every year during his Urs?,,5 million,5 million,,,,,
12,Mehak Soomro ,Ahmed Mujtaba,snd_arab,Sindh Pakistan ,هر سال عرس (عرس جو ڏينهن) اسلامي مهيني صفر جي ڪھڙي  تاريخ تي شروع ٿئي ٿو؟,اسلامي مهيني صفر جي 13 تاريخ ,https://sd.wikipedia.org/wiki/%D8%B4%D8%A7%D9%87%DB%81_%D8%B9%D8%A8%D8%AF%D8%A7%D9%84%D9%84%D8%B7%D9%8A%D9%81_%DA%80%D9%BD%D8%A7%D8%A6%D9%8A_%D8%AC%D9%8A_%D9%85%D8%B2%D8%A7%D8%B2,On which date of the Islamic month of Safar does Urs (the day of the festival) begin every year?,,13th of the Islamic month of Safar,,,,,,
13,Mehak Soomro ,Ahmed Mujtaba,snd_arab,Sindh Pakistan ,موئن جو دڙو پاڪستان جي صوبي سنڌ جي  ڪھڙي ضلعي  ۾ موجود آھي؟,ضلعي لاڙڪاڻي,https://sd.wikipedia.org/wiki/%D9%85%D9%88%D9%87%D9%86_%D8%AC%D9%88_%D8%AF%DA%99%D9%88,Moenjo Daro is located in which district of Sindh province of Pakistan?,,District Larkana,Larkana District,,,,,
14,Mehak Soomro ,Ahmed Mujtaba,snd_arab,Sindh Pakistan ,2500 قبل مسيح جي لڳ ڀڳ تعمير ٿيل، قديم سنڌو ماٿري جي تهذيب جو اهو ڪهڙو شهر هو، جيڪو سڀ کان وڏو هو ۽ دنيا جي قديم ترين وڏن شهرن مان هڪ شمار ٿئي ٿو؟,موئن جو دڙو,https://sd.wikipedia.org/wiki/%D9%85%D9%88%D9%87%D9%86_%D8%AC%D9%88_%D8%AF%DA%99%D9%88,"Built around 2500 BC, which city of the ancient Indus Valley Civilization was the largest and is considered one of the oldest major cities in the world?",,Moen-Jo-Daro,,,,,,
15,Mehak Soomro ,Ahmed Mujtaba,snd_arab,Sindh Pakistan ,موهن جي دڙي ، قديم ماڳ جي  کوٽائي ڪنھن  جي نظرداريءَ هيٺ 1922ع  ۾ ٿي؟,جنرل سر جان مارشل,https://sd.wikipedia.org/wiki/%D9%85%D9%88%D9%87%D9%86_%D8%AC%D9%88_%D8%AF%DA%99%D9%89,Under whose supervision was the excavation of the ancient site of Mohenjo-daro carried out in 1922?,,General Sir John Marshall,,,,,,
16,Mehak Soomro ,Ahmed Mujtaba,snd_arab,Sindh Pakistan ,چوڪنڊي قبرستان ڪٿي موجود آھي؟,ڪراچي، کان 29 ڪلوميٽر  اوڀر ۾ واقع آهي,https://sd.wikipedia.org/wiki/%DA%86%D9%88%DA%AA%D9%86%DA%8A%D9%8A_%D9%82%D8%A8%D8%B1%D8%B3%D8%AA%D8%A7%D9%86,Where is the Chokundi Cemetery located?,,Located 29 km east of Karachi,,,,,x,
17,Mehak Soomro ,Ahmed Mujtaba,snd_arab,Sindh Pakistan ,سنڌ جا شاعر تاجل بيوس ڪٿي دفن ٿيل آھي؟,چوڪنڊي قبرستان,https://sd.wikipedia.org/wiki/%DA%86%D9%88%DA%AA%D9%86%DA%8A%D9%8A_%D9%82%D8%A8%D8%B1%D8%B3%D8%AA%D8%A7%D9%87,Where is Sindhi poet Tajal Bewas buried?,,Chokundi Cemetery,,,,,,
18,Mehak Soomro ,Ahmed Mujtaba,snd_arab,Sindh Pakistan ,چَؤڪُنڊِي قَبرسِتان کي  چَؤڪُنڊِي ڇو  سَڏيو وَڃي ٿو,چَؤڪُنڊِي يَعنی چارِ ڪُنڊُن وارو، تَنھِن ڪَري چارِ ڪُنڊُن واريُن قَبرُن ھُئڻ ڪَري,https://sd.wikipedia.org/wiki/%DA%86%D9%88%DA%AA%D9%86%DA%8A%D9%8A_%D9%82%D8%A8%D8%B1%D8%B3%D8%AA%D8%A7%D9%86,Why is the square cemetery called a square?,,"Chaukundi, meaning four-cornered, is the only tomb with four corners.",,,,,x,
19,Mehak Soomro ,Ahmed Mujtaba,snd_arab,Sindh Pakistan ,چَؤڪُنڊِي قَبرسِتان ڇو مشھور آھي؟,پٿر جي نفيس سنگ تراشي,https://sd.wikipedia.org/wiki/%DA%86%D9%88%DA%AA%D9%86%DA%8A%D9%8A_%D9%82%D8%A8%D8%B1%D8%B3%D8%AA%D8%A7%D9%86,Why is the Chaukundi cemetery famous?,,Fine stone carving,,,,,x,
20,Mehak Soomro ,Ahmed Mujtaba,snd_arab,Sindh Pakistan ,چَؤڪُنڊِي قَبرُن جَي تَعمِير لاءِ ڪھڙي شھر جي جَبلن مان ذَردُ نِما پَٿَر آندا وَيا؟, جُنگشاھِيءَ,https://sd.wikipedia.org/wiki/%DA%86%D9%88%DA%AA%D9%86%DA%8A%D9%8A_%D9%82%D8%A8%D8%B1%D8%B3%D8%AA%D8%A7%D9%87,From the mountains of which city were yellow sandstone brought for the construction of the quadrangular tombs?,,Jungshahi,,,,,,
21,Mehak Soomro ,Ahmed Mujtaba,snd_arab,Sindh Pakistan ,چؤڪنڊي قبرستان ۾ مردن ۽ عورتن جي قبرن ۾ ڪهڙو فرق هوندو آهي؟,مردن جي قبرن تي هٿيار ۽ گهوڙيسواري، عورتن جي قبرن تي زيورن جا نقش,https://sd.wikipedia.org/wiki/%DA%86%D9%88%DA%AA%D9%86%DA%8A%D9%8A_%D9%82%D8%A8%D8%B1%D8%B3%D8%AA%D8%A7%D9%88,What is the difference between the graves of men and women in the Chaukandi cemetery?,,"Weapons and cavalry on men's graves, jewelry on women's graves",,,,,x,
22,Mehak Soomro ,Ahmed Mujtaba,snd_arab,Sindh Pakistan ,مڪلي قبرستان ڪھڙي شهر ۾ واقع آهي,مڪلي,https://sd.wikipedia.org/wiki/%D9%85%DA%AA%D9%84%D9%8A,In which city is Makli Cemetery located?,In which city in Sindh is Makli Cemetery located?,Makli,,,,,,
23,Mehak Soomro ,Ahmed Mujtaba,snd_arab,Sindh Pakistan ,مڪلي قبرستان جي ايراضي ڪيتري آهي؟,10 چورس ڪلوميٽر,https://sd.wikipedia.org/wiki/%D9%85%DA%AA%D9%84%D9%8A,How large is the area of ​​Makli Cemetery?,,10 square kilometers,,,,,,
24,Mehak Soomro ,Ahmed Mujtaba,snd_arab,Sindh Pakistan ,مڪلي قبرستان ۾ لڳ ڀڳ ڪيتريون قبرون موجود آهن؟,۵ لک,https://sd.wikipedia.org/wiki/%D9%85%DA%AA%D9%84%D9%8A,Approximately how many graves are there in the Makli cemetery?,,5 lakh,,,,,,
25,Mehak Soomro ,Ahmed Mujtaba,snd_arab,Sindh Pakistan ,مڪلي قبرستان ڇو مشهور آهي؟,دنيا جي سڀ کان وڏن قبرستانن مان هڪ,https://sd.wikipedia.org/wiki/%D9%85%DA%AA%D9%84%D9%8A,Why is Makli Cemetery famous?,,One of the largest cemeteries in the world,,,,,x,
26,Mehak Soomro ,Ahmed Mujtaba,snd_arab,Sindh Pakistan ,مڪلي جي شاهي مقبرن جا ٻه وڏا مجموعا ڪهڙا آهن؟,"سما , ترخان، ارغون، مغل",https://sd.wikipedia.org/wiki/%D9%85%DA%AA%D9%84%D9%8A,What are the two major collections of royal tombs in Makli?,,"Sama, Tarkhan, Arghun, Mughal",,,,,x,
27,Mehak Soomro ,Ahmed Mujtaba,snd_arab,Sindh Pakistan ,مڪلي کي يونيسڪو عالمي ورثي واري ماڳ جي حيثيت سان ڪڏهن درج ڪيو ويو؟,1981ع,https://sd.wikipedia.org/wiki/%D9%85%DA%AA%D9%84%D9%8A,When was Makli listed as a UNESCO World Heritage Site?,,1981,,,,,,
28,Mehak Soomro ,Ahmed Mujtaba,snd_arab,Sindh Pakistan ,سنڌي کاڌن ۾ سرنهن جو ساڳ ڪهڙي شيءِ سان مشهور آهي؟,چاورن جي ماني,https://sd.wikipedia.org/wiki/%D8%B3%D9%86%DA%8C%D9%8A_%DA%A9%D8%A7%DA%8C%D8%A7,What is mustard greens famous for in Sindhi cuisine?,What is Sarhon jo Saag famous for being paired with in Sindhi cuisine?,Rice bread,Chawran ji Maani,,,,,
29,Mehak Soomro ,Ahmed Mujtaba,snd_arab,Sindh Pakistan ,سنڌي کاڌن ۾ سياري جي مشهور ڀاڄي ڪهڙي آهي؟,سرنهن جو ساڳ,https://sd.wikipedia.org/wiki/%D8%B3%D9%86%DA%8C%D9%8A_%DA%A9%D8%A7%DA%8C%D8%A7,What is the most popular winter dish in Sindhi cuisine?,What is the popular winter vegetable dish in Sindhi cuisine?,The same as mustard.,Sarhon jo Saag,,,,,
30,Mehak Soomro ,Ahmed Mujtaba,snd_arab,Sindh Pakistan ,سنڌي کاڌي ۾ چانورن سان گڏ عام طور ڪهڙي شيءِ کائي ويندي آهي؟,دال,https://sd.wikipedia.org/wiki/%D8%B3%D9%86%DA%8C%D9%8A_%DA%A9%D8%A7%DA%8C%D8%A7,What is commonly eaten with rice in Sindhi cuisine?,,Lentils,,,,,,
31,Mehak Soomro ,Ahmed Mujtaba,snd_arab,Sindh Pakistan ,سنڌي روايتي کاڌن ۾ مشهور چانورن جي ڊش ڪهڙي آهي؟, آلو برياني,https://sd.wikipedia.org/wiki/%D8%B3%D9%86%DA%8C%D9%8A_%DA%A9%D8%A7%DA%8C%D8%A7,What is the most popular rice dish in traditional Sindhi cuisine?,,Potato Biryani,,,,,,
32,Mehak Soomro ,Ahmed Mujtaba,snd_arab,Sindh Pakistan ,"سنڌي کاڌن  ۾ ""بهه"" ڇا آهي؟",ڪنول جي پاڙ,https://sd.wikipedia.org/wiki/%D8%B3%D9%86%DA%8C%D9%8A_%DA%A9%D8%A7%DA%8C%D8%A7,"What is ""bah"" in Sindhi cuisine?",,Lotus root,,,,,,
33,Mehak Soomro ,Ahmed Mujtaba,snd_arab,Sindh Pakistan ,سامي ڪهڙي دور جو سنڌي شاعر هو؟,ٽالپور دور,https://sd.wikipedia.org/wiki/%D8%B3%D8%A7%D9%85%D9%8A_(%D8%B4%D8%A7%D8%B9%D8%B1),Sami was a Sindhi poet of which period?,,Talpur era,,,,,,
34,Mehak Soomro ,Ahmed Mujtaba,snd_arab,Sindh Pakistan ,سامي جي شاعري کي ڇا سڏيو وڃي ٿو؟,سامي جا سلوڪ,https://sd.wikipedia.org/wiki/%D8%B3%D8%A7%D9%85%D9%8A_(%D8%B4%D8%A7%D8%B9%D8%B1),What is Sami poetry called?,What is Sindhi poet's Sami poetry collection called?,Sami's words,Salokas of Sami,Mehak Soomro,,,,
35,Mehak Soomro ,Ahmed Mujtaba,snd_arab,Sindh Pakistan ,سنڌي شاعر شيخ اياز جو اصل نالو ڇا هو؟,شيخ مبارڪ علي,https://sd.wikipedia.org/wiki/%D8%B4%D9%8A%D8%AE_%D8%A7%D9%8A%D8%A7%D8%B2,What was the real name of Sindhi poet Sheikh Ayaz?,,Sheikh Mubarak Ali,,,,,,
36,Mehak Soomro ,Ahmed Mujtaba,snd_arab,Sindh Pakistan ,شيخ مبارڪ علي شعر ۽ ادب جي دنيا ۾ ڪهڙي نالي سان مشهور ٿيو؟,اياز,https://sd.wikipedia.org/wiki/%D8%B4%D9%8A%D8%AE_%D8%A7%D9%8A%D8%A7%D8%B2,By what name did Sheikh Mubarak Ali become famous in the world of poetry and literature?,,Ayaz,,,,,,
37,Mehak Soomro ,Ahmed Mujtaba,snd_arab,Sindh Pakistan ,شيخ اياز سنڌ يونيورسٽي جو وائيس چانسلر ڪهڙن سالن دوران رهيو؟,1976ع کان 1980ع,https://sd.wikipedia.org/wiki/%D8%B4%D9%8A%D8%AE_%D8%A7%D9%8A%D8%A7%D8%B2,During which years did Sheikh Ayaz serve as the Vice Chancellor of Sindh University?,,1976 to 1980,,,,,,x
38,Mehak Soomro ,Ahmed Mujtaba,snd_arab,Sindh Pakistan ,شيخ اياز ڪهڙي ٻوليءَ جو ناليوارو شاعر هو؟,سنڌي,https://sd.wikipedia.org/wiki/%D8%B4%D9%8A%D8%AE_%D8%A7%D9%8A%D8%A7%D8%B2,Sheikh Ayaz was a famous poet of which language?,,Sindhi,,,,,,
39,Mehak Soomro ,Ahmed Mujtaba,snd_arab,Sindh Pakistan ,شيخ اياز جو جنم ڪڏهن ٿيو؟,2 مارچ 1923ع,https://sd.wikipedia.org/wiki/%D8%B4%D9%8A%D8%AE_%D8%A7%D9%8A%D8%A7%D8%B2,When was Sheikh Ayaz born?,,"March 2, 1923",,,,,,
40,Mehak Soomro ,Ahmed Mujtaba,snd_arab,Sindh Pakistan ,شيخ اياز جي شاعريءَ جو مشهور مجموعو ڪهڙو آهي؟,ڀونر ڀري آڪاس,https://sd.wikipedia.org/wiki/%D8%B4%D9%8A%D8%AE_%D8%A7%D9%8A%D8%A7%D8%B2,What is the famous collection of poetry by Sheikh Ayaz?,,Thunderstorm,,,,,,
41,Mehak Soomro ,Ahmed Mujtaba,snd_arab,Sindh Pakistan ,سچل سرمست جو اصل نالو ڇا هو؟,عبدالوهاب,https://sd.wikipedia.org/wiki/%D8%B3%DA%86%D9%84_%D8%B3%D8%B1%D9%85%D8%B3%D8%AA,What was Sachal Sarmast's real name?,,Abdulwahab,,,,,,
42,Mehak Soomro ,Ahmed Mujtaba,snd_arab,Sindh Pakistan ,"سچل سرمست کي ""شاعر هفت زبان"" ڇو سڏيو ويندو آهي؟",ستن ٻولين ۾ شاعري,https://sd.wikipedia.org/wiki/%D8%B3%DA%86%D9%84_%D8%B3%D8%B1%D9%85%D8%B3%D8%AA,"Why is Sachal Sarmast called the ""Poet of Seven Languages""?",,Poetry in seven languages,,,,,,x
43,Mehak Soomro ,Ahmed Mujtaba,snd_arab,Sindh Pakistan ,سچل سرمست سنڌي کان علاوه ڪهڙين ٻولين ۾ شاعري ڪئي؟,عربي، فارسي، سرائيڪي، پنجابي، اردو ۽ بلوچي,https://sd.wikipedia.org/wiki/%D8%B3%DA%86%D9%84_%D8%B3%D8%B1%D9%85%D8%B3%D8%AA,In which languages ​​did Sachal Sarmast write poetry besides Sindhi?,,"Arabic, Persian, Saraiki, Punjabi, Urdu and Balochi",,,,,,x
44,Mehak Soomro ,Ahmed Mujtaba,snd_arab,Sindh Pakistan ,سچل سرمست کي پنهنجي دور ۾ ڪهڙي لقب سان سڏيو ويندو هو؟,منصور ثاني,https://sd.wikipedia.org/wiki/%D8%B3%DA%86%D9%84_%D8%B3%D8%B1%D9%85%D8%B3%D8%AA,What title was Sachal Sarmast called during his time?,,Mansour II,,,,,,
45,Mehak Soomro ,Ahmed Mujtaba,snd_arab,Sindh Pakistan ,سچل سرمست جو مزار ڪهڙي هنڌ واقع آهي؟,درازا,https://sd.wikipedia.org/wiki/%D8%B3%DA%86%D9%84_%D8%B3%D8%B1%D9%85%D8%B3%D8%AA,Where is the shrine of Sachal Sarmast located?,,Length,,,,,,
46,Mehak Soomro ,Ahmed Mujtaba,snd_arab,Sindh Pakistan ,سنڌي شاعريءَ ۾ سچل سرمست جا مشهور تخلص ڪهڙا هئا؟,سچل، سچو ,https://sd.wikipedia.org/wiki/%D8%B3%DA%86%D9%84_%D8%B3%D8%B1%D9%85%D8%B3%D8%AA,What were the famous pen names of Sachal Sarmast in Sindhi poetry?,,"True, true","Sachal, Truthful",Mehak Soomro,,,,x
47,Mehak Soomro ,Ahmed Mujtaba,snd_arab,Sindh Pakistan ,رني ڪوٽ قلعو ڪهڙي ضلعي ۾ واقع آهي؟,ڄامشورو,https://sd.wikipedia.org/wiki/%D8%B1%D9%86%D9%8A_%DA%AA%D9%88%D9%BD,In which district is Ranikot Fort located?,,Jamshoro,,,,,,
48,Mehak Soomro ,Ahmed Mujtaba,snd_arab,Sindh Pakistan ,رني ڪوٽ جو مڪمل گهيرو ڪيترو آهي؟,32 ڪلوميٽر,https://sd.wikipedia.org/wiki/%D8%B1%D9%86%D9%8A_%DA%AA%D9%88%D9%BD,What is the total circumference of a raincoat?,What is the total circumference of Ranikot Fort?,32 km,,,,,,
49,Mehak Soomro ,Ahmed Mujtaba,snd_arab,Sindh Pakistan ,رني ڪوٽ جو ٻيو نالو  ڇا آهي؟,نيرون ڪوٽ,https://sd.wikipedia.org/wiki/%D8%B1%D9%86%D9%8A_%DA%AA%D9%88%D9%BD,What is another name for a raincoat?,What is the other name for Ranikot?,Nero coat,Neroon Koat,Mehak Soomro,,,,
50,Mehak Soomro ,Ahmed Mujtaba,snd_arab,Sindh Pakistan ,رني ڪوٽ ڪهڙن ٽن جبلن تي تعمير ٿيل آهي؟,لنڊي، ڪارو ۽ پوڙي جبل,https://sd.wikipedia.org/wiki/%D8%B1%D9%86%D9%8A_%DA%AA%D9%88%D9%BD,On which three mountains is Ranikot built?,,"Lindi, Karo and Puri mountains",,,,,,x
51,Mehak Soomro ,Ahmed Mujtaba,snd_arab,Sindh Pakistan ,رني ڪوٽ کي ڪهڙي نالي سان سڏيو ويندو آهي؟,سنڌ جي عظيم ديوار,https://sd.wikipedia.org/wiki/%D8%B1%D9%86%D9%8A_%DA%AA%D9%88%D9%BD,What is the name of the runic coat?,By what name is Ranikot known?,The Great Wall of Sindh,,,,,,
52,Mehak Soomro ,Ahmed Mujtaba,snd_arab,Sindh Pakistan ,شاهجهاني مسجد ڪهڙي شهر ۾ واقع آهي؟,ٺٽو,https://sd.wikipedia.org/wiki/%D8%B4%D8%A7%DA%BE%D8%AC%DA%BE%D8%A7%D9%86%D9%8A_%D9%85%D8%B3%D8%AC%D8%AF_%D9%BA%D9%BD%D9%88#%D9%BE%D8%B3_%D9%85%D9%86%D8%B8%D8%B1,In which city is Shahjahani Mosque located?,,Thatta,,,,,,
53,Mehak Soomro ,Ahmed Mujtaba,snd_arab,Sindh Pakistan ,شاهجهاني مسجد کي ڏکڻ ايشيا ۾ ڪهڙي شيءِ لاءِ مشهور سمجهيو وڃي ٿو؟,ٽائل جي ڪم,https://sd.wikipedia.org/wiki/%D8%B4%D8%A7%DA%BE%D8%AC%DA%BE%D8%A7%D9%86%D9%8A_%D9%85%D8%B3%D8%AC%D8%AF_%D9%BA%D9%BD%D9%88#%D9%BE%D8%B3_%D9%85%D9%86%D8%B8%D8%B1,What is Shah Jahani Mosque considered famous in South Asia for?,,Tile work,,,,,,
54,Mehak Soomro ,Ahmed Mujtaba,snd_arab,Sindh Pakistan ,شاهجهاني مسجد جي تعمير تي ڪهڙي شهر جي فن تعمير جو اثر آهي؟,سمرقند,https://sd.wikipedia.org/wiki/%D8%B4%D8%A7%DA%BE%D8%AC%DA%BE%D8%A7%D9%86%D9%8A_%D9%85%D8%B3%D8%AC%D8%AF_%D9%BA%D9%BD%D9%88#%D9%BE%D8%B3_%D9%85%D9%86%D8%B8%D8%B1,Which city's architecture influenced the construction of Shah Jahani Mosque?,,Samarkand,,,,,,
55,Mehak Soomro ,Ahmed Mujtaba,snd_arab,Sindh Pakistan ,شاهجهاني مسجد ۾ ڪل ڪيترا گنبذ آهن؟,92,https://sd.wikipedia.org/wiki/%D8%B4%D8%A7%DA%BE%D8%AC%DA%BE%D8%A7%D9%86%D9%8A_%D9%85%D8%B3%D8%AC%D8%AF_%D9%BA%D9%BD%D9%88#%D9%BE%D8%B3_%D9%85%D9%86%D8%B8%D8%B1,How many domes are there in Shahjahani Mosque?,,92,,,,,,
56,Mehak Soomro ,Ahmed Mujtaba,snd_arab,Sindh Pakistan ,شاهجهاني مسجد ڇو مشهور آهي؟,جاميٽري اينٽن جي ڪم ۽ ٽائلن جي آرائش,https://sd.wikipedia.org/wiki/%D8%B4%D8%A7%DA%BE%D8%AC%DA%BE%D8%A7%D9%86%D9%8A_%D9%85%D8%B3%D8%AC%D8%AF_%D9%BA%D9%BD%D9%88#%D9%BE%D8%B3_%D9%85%D9%86%D8%B8%D8%B1,Why is Shah Jahani Mosque famous?,,Geometric brickwork and tile decoration,,,,,,x
57,Mehak Soomro ,Ahmed Mujtaba,snd_arab,Sindh Pakistan ,ٺٽي جي شاهجهاني مسجد ڪنهن مغل شهنشاهه تعمير ڪرائي؟,شاهه جهان,https://sd.wikipedia.org/wiki/%D8%B4%D8%A7%DA%BE%D8%AC%DA%BE%D8%A7%D9%86%D9%8A_%D9%85%D8%B3%D8%AC%D8%AF_%D9%BA%D9%BD%D9%88#%D9%BE%D8%B3_%D9%85%D9%86%D8%B8%D8%B1,Which Mughal emperor built the Shahjahan Mosque in Thatta?,,Shah Jahan,,,,,,
58,Mehak Soomro ,Ahmed Mujtaba,snd_arab,Sindh Pakistan ,گورک هل اسٽيشن سنڌ ۾ ڇو مشهور آهي؟,ٿڌي جابلو چوٽي,https://sd.wikipedia.org/wiki/%DA%AF%D9%88%D8%B1%DA%A9_%D9%87%D9%84_%D8%A7%D8%B3%D9%BD%D9%8A%D8%B4%D9%86,Why is Gorakh Hill Station famous in Sindh?,,Cold mountain peak,,,,,,x
59,Mehak Soomro ,Ahmed Mujtaba,snd_arab,Sindh Pakistan ,گورک هل اسٽيشن ڪهڙي جابلو سلسلي ۾ واقع آهي؟,کيرٿر جابلو سلسلو,https://sd.wikipedia.org/wiki/%DA%AF%D9%88%D8%B1%DA%A9_%D9%87%D9%84_%D8%A7%D8%B3%D9%BD%D9%8A%D8%B4%D9%86,In which mountain range is Gorakh Hill Station located?,,Kirthar mountain range,,,,,,
60,Mehak Soomro ,Ahmed Mujtaba,snd_arab,Sindh Pakistan ,گورک هل اسٽيشن ڪهڙي ضلعي ۾ واقع آهي؟,دادو,https://sd.wikipedia.org/wiki/%DA%AF%D9%88%D8%B1%DA%A9_%D9%87%D9%84_%D8%A7%D8%B3%D9%BD%D9%8A%D8%B4%D9%86,In which district is Gorakhpur station located?,In which district is Gorakhpur Hill Station located?,Dadu,,,,,,
61,Mehak Soomro ,Ahmed Mujtaba,snd_arab,Sindh Pakistan ,گورک هل اسٽيشن سمنڊ جي سطح کان ڪيتري اوچائي تي واقع آهي؟,"5,689 فوٽ",https://sd.wikipedia.org/wiki/%DA%AF%D9%88%D8%B1%DA%A9_%D9%87%D9%84_%D8%A7%D8%B3%D9%BD%D9%8A%D8%B4%D9%86,At what altitude above sea level is Gorakh Hill Station located?,,"5,689 feet",,,,,,
62,Mehak Soomro ,Ahmed Mujtaba,snd_arab,Sindh Pakistan ,ڪينجھر ڍنڍ پاڪستان ۾ ڇو مشهور آهي؟,مٺي پاڻي جي ٻي وڏي ڍنڍ,https://sd.wikipedia.org/wiki/%DA%AA%D9%8A%D9%86%D8%AC%DA%BE%D8%B1_%DA%8D%D9%86%DA%8D,Why is Keenjhar Lake famous in Pakistan?,,Another large freshwater lake,2nd largest fresh water lake ,Mehak Soomro,,,,x
63,Mehak Soomro ,Ahmed Mujtaba,snd_arab,Sindh Pakistan ,ڪينجھر ڍنڍ ڪهڙي رومانوي داستان سان لاڳاپيل آهي؟,نوري ڄام تماچي,https://sd.wikipedia.org/wiki/%DA%AA%D9%8A%D9%86%D8%AC%DA%BE%D8%B1_%DA%8D%D9%86%DA%8D,Which romantic story is Keenjhar Lake associated with?,,Noori Jam Tamachi,,,,,,
64,Mehak Soomro ,Ahmed Mujtaba,snd_arab,Sindh Pakistan ,شاهه عبداللطيف ڀٽائي ڪينجھر ڍنڍ جو ذڪر پنهنجي ڪهڙي سُر ۾ ڪيو آهي؟,سر ڪاموڏ,https://sd.wikipedia.org/wiki/%DA%AA%D9%8A%D9%86%D8%AC%DA%BE%D8%B1_%DA%8D%D9%86%DA%8D,In which of his poems has Shah Abdul Latif Bhittai mentioned Keenjhar Lake?,,Headache,Sur Kamod,,,,,
65,Mehak Soomro ,Ahmed Mujtaba,snd_arab,Sindh Pakistan ,ڪينجھر ڍنڍ ڪهڙن شهرن کي پيئڻ جو پاڻي فراهم ڪري ٿي؟,ٺٽو ۽ ڪراچي,https://sd.wikipedia.org/wiki/%DA%AA%D9%8A%D9%86%D8%AC%DA%BE%D8%B1_%DA%8D%D9%86%DA%8D,Which cities does Keenjhar Lake provide drinking water to?,,Thatta and Karachi,,,,,,x
66,Mehak Soomro ,Ahmed Mujtaba,snd_arab,Sindh Pakistan ,لال شهباز قلندر جي مزار ڪهڙي شهر ۾ واقع آهي؟,سيوهڻ شريف,https://sd.wikipedia.org/wiki/%D9%84%D8%B9%D9%84_%D8%B4%D9%87%D8%A8%D8%A7%D8%B2_%D9%82%D9%84%D9%86%D8%AF%D8%B1,In which city is the shrine of Lal Shahbaz Qalandar located?,,Sehwan Sharif,,,,,,
67,Mehak Soomro ,Ahmed Mujtaba,snd_arab,Sindh Pakistan ,لال شهباز قلندر جو اصل نالو ڇا هو؟,سيد عثمان مروندي,https://sd.wikipedia.org/wiki/%D9%84%D8%B9%D9%84_%D8%B4%D9%87%D8%A8%D8%A7%D8%B2_%D9%82%D9%84%D9%86%D8%AF%D8%B1,What was the real name of Lal Shahbaz Qalandar?,,Syed Usman Marwandi,,,,,,
68,Mehak Soomro ,Ahmed Mujtaba,snd_arab,Sindh Pakistan ,لال شهباز قلندر کي ڪهڙي لقب سان مشهور ڪيو وڃي ٿو؟,قلندر,https://sd.wikipedia.org/wiki/%D9%84%D8%B9%D9%84_%D8%B4%D9%87%D8%A8%D8%A7%D8%B2_%D9%82%D9%84%D9%86%D8%AF%D8%B1,By what title is Lal Shahbaz Qalandar famous?,,Calendar,Qalandar,,,,,
69,Mehak Soomro ,Ahmed Mujtaba,snd_arab,Sindh Pakistan ,لال شهباز قلندر جي مزار تي مشهور روحاني رقص کي ڇا سڏيو ويندو آهي؟,ڌمال,https://sd.wikipedia.org/wiki/%D9%84%D8%B9%D9%84_%D8%B4%D9%87%D8%A8%D8%A7%D8%B2_%D9%82%D9%84%D9%86%D8%AF%D8%B1,What is the famous spiritual dance at the shrine of Lal Shahbaz Qalandar called?,,Noise,Dhamal,Mehak Soomro,,,,
70,Mehak Soomro ,Pireh Soomro,snd_arab,Sindh Pakistan ,لال شهباز قلندر ڪير هو؟,صوفي بزرگ,https://sd.wikipedia.org/wiki/%D9%84%D8%B9%D9%84_%D8%B4%D9%87%D8%A8%D8%A7%D8%B2_%D9%82%D9%84%D9%86%D8%AF%D8%B1,Who was Lal Shahbaz Qalandar?,,The Great Sufi,Sufi Saint,Mehak Soomro,,,,
71,Mehak Soomro ,Pireh Soomro,snd_arab,Sindh Pakistan ,سکر بئراج کي ٻئي ڪهڙي نالي سان سڏيو ويندو آهي؟,لائيڊ بئراج,https://sd.wikipedia.org/wiki/%D8%B3%DA%A9%D8%B1_%D8%A8%D8%A6%D8%B1%D8%A7%D8%AC,What is another name for Sukkur Barrage?,,Lloyd Barrage,,,,,,
72,Mehak Soomro ,Pireh Soomro,snd_arab,Sindh Pakistan ,سکر بئراج ڪهڙي درياهه تي ٺهيل آهي؟,سنڌو درياهه,https://sd.wikipedia.org/wiki/%D8%B3%DA%A9%D8%B1_%D8%A8%D8%A6%D8%B1%D8%A7%D8%AC,On which river is the Sukkur Barrage built?,,Indus River,,,,,,
73,Mehak Soomro ,Pireh Soomro,snd_arab,Sindh Pakistan ,سکر بئراج ۾ ڪيترا فولادي دروازا آهن؟,66,https://sd.wikipedia.org/wiki/%D8%B3%DA%A9%D8%B1_%D8%A8%D8%A6%D8%B1%D8%A7%D8%AC,How many steel gates are there in Sukkur Barrage?,,66,,,,,,
74,Mehak Soomro ,Pireh Soomro,snd_arab,Sindh Pakistan ,سکر بئراج جو افتتاح ڪنهن ڪيو؟,لارڊ ولنگڊن,https://sd.wikipedia.org/wiki/%D8%B3%DA%A9%D8%B1_%D8%A8%D8%A6%D8%B1%D8%A7%D8%AC,Who inaugurated the Sukkur Barrage?,,Lord Willingdon,,,,,,
75,Mehak Soomro ,Pireh Soomro,snd_arab,Sindh Pakistan ,سکر بئراج جو افتتاح ڪڏهن ٿيو؟,13 جنوري 1932ع,https://sd.wikipedia.org/wiki/%D8%B3%DA%A9%D8%B1_%D8%A8%D8%A6%D8%B1%D8%A7%D8%AC,When was the Sukkur Barrage inaugurated?,,"January 13, 1932",,,,,,
76,Mehak Soomro ,Pireh Soomro,snd_arab,Sindh Pakistan ,سکر بئراج مان ڪيترا واهه نڪرندا آهن؟,ستن واهن,https://sd.wikipedia.org/wiki/%D8%B3%DA%A9%D8%B1_%D8%A8%D8%A6%D8%B1%D8%A7%D8%AC,How many canals flow out of Sukkur Barrage?,,Seven canals,7,,,,,
77,Mehak Soomro ,Pireh Soomro,snd_arab,Sindh Pakistan ,سکر بئراج ڇو مشهور آهي؟,دنيا جي وڏن بئراجن مان هڪ,https://sd.wikipedia.org/wiki/%D8%B3%DA%A9%D8%B1_%D8%A8%D8%A6%D8%B1%D8%A7%D8%AC,Why is Sukkur Barrage famous?,,One of the world's largest barrages,,,,,,x
78,Mehak Soomro ,Pireh Soomro,snd_arab,Sindh Pakistan ,ساڌ ٻيلو ڪهڙي درياهه ۾ واقع آهي؟,سنڌو درياهه,https://sd.wikipedia.org/wiki/%D8%B3%D8%A7%DA%8C_%D9%BB%D9%8A%D9%84%D9%88,In which river is the Sadh Forest located?,,Indus River,,,,,,
79,Mehak Soomro ,Pireh Soomro,snd_arab,Sindh Pakistan ,ساڌ ٻيلو ڪهڙي شهر جي ويجهو واقع آهي؟,سکر,https://sd.wikipedia.org/wiki/%D8%B3%D8%A7%DA%8C_%D9%BB%D9%8A%D9%84%D9%88,Near which city is the Sadh Forest located?,,Sukkur,,,,,,
80,Ahmed Mujtaba,Mehak Soomro,snd_arab,Sindh Pakistan ,ساڌ ٻيلي ۾ موجود مشهور مندر ڪنهن تعمير ڪرايو؟,بابا بنکنڊي چند شرما,https://sd.wikipedia.org/wiki/%D8%B3%D8%A7%DA%8C_%D9%BB%D9%8A%D9%84%D9%88,Who built the famous temple in Sadhbali?,,Baba Bankandichand Sharma,,,,,,
81,Ahmed Mujtaba,Mehak Soomro,snd_arab,Sindh Pakistan ,ساڌ ٻيلو ڇو مشهور آهي؟,سنڌو درياهه جي ٻيٽ تي واقع هئڻ جي ڪري,https://sd.wikipedia.org/wiki/%D8%B3%D8%A7%DA%8C_%D9%BB%D9%8A%D9%84%D9%88,Why is the forest famous?,,Due to its location on an island in the Indus River,,,,,,x
82,Ahmed Mujtaba,Mehak Soomro,snd_arab,Sindh Pakistan ,لينسڊائون پل ڪهڙن ٻن شهرن کي ڳنڍي ٿي؟,سکر ۽ روهڙي,https://sd.wikipedia.org/wiki/%D9%84%D9%8A%D9%86%D8%B3%DA%8A%D8%A7%D8%A6%D9%88%D9%86_%D9%BE%D9%84_(%D8%B3%DA%A9%D8%B1),Which two cities does the Lansdowne Bridge connect?,,Sukkur and Rohri,,,,,,
83,Ahmed Mujtaba,Mehak Soomro,snd_arab,Sindh Pakistan ,لينسڊائون پل جو افتتاح ڪڏهن ٿيو؟,1889ع,https://sd.wikipedia.org/wiki/%D9%84%D9%8A%D9%86%D8%B3%DA%8A%D8%A7%D8%A6%D9%88%D9%86_%D9%BE%D9%84_(%D8%B3%DA%A9%D8%B1),When was the Lansdowne Bridge opened?,,1889,,,,,,
84,Ahmed Mujtaba,Mehak Soomro,snd_arab,Sindh Pakistan ,ربڙي ٺاهڻ لاءِ سڀ کان پهرين ڇا ورتو ويندو آهي؟,خالص کير,https://www.independenturdu.com/node/83961,What is the first thing that is used to make rubber?,What is the first ingredient used to make Rabri?,Pure milk,,Mehak,,,,
85,Ahmed Mujtaba,Mehak Soomro,snd_arab,Sindh Pakistan ,ربڙي ٺاهڻ وقت کير کي ڪيتري دير تائين اوٻاريو ويندو آهي؟,15 کان 20 منٽ,https://www.independenturdu.com/node/83961,How long is milk boiled when making rubber?,How long milk is boiled when making Rubri?,15 to 20 minutes,,mehak,,,,x
86,Ahmed Mujtaba,Mehak Soomro,snd_arab,Sindh Pakistan ,ربڙي سنڌ جي ڪهڙي شهر جي مشهور مٺائي آهي؟,حيدرآباد,https://www.independenturdu.com/node/83961,Rabori is the famous sweet of which city of Sindh?,,Hyderabad,,,,,,
87,Ahmed Mujtaba,Mehak Soomro,snd_arab,Sindh Pakistan ,ربڙي جون مشهور قسمون ڪهڙيون آهن؟,سادي، پستي واري ۽ شوگر فري ربڙي,https://www.independenturdu.com/node/83962,What are the popular types of rubber?,,"Plain, pistachio and sugar-free gum",,,,,,x
88,Ahmed Mujtaba,Mehak Soomro,snd_arab,Sindh Pakistan ,سنڌ يونيورسٽي ڪهڙي شهر ۾ واقع آهي؟,ڄامشورو,https://sd.wikipedia.org/wiki/%D8%B3%D9%86%DA%8C_%D9%8A%D9%88%D9%86%D9%8A%D9%88%D8%B1%D8%B3%D9%BD%D9%8A,In which city is the University of Sindh located?,,Jamshoro,,,,,,
89,Ahmed Mujtaba,Mehak Soomro,snd_arab,Sindh Pakistan , سنڌ يونيورسٽي پاڪستان جي ڪهڙي نمبر وڏي يونيورسٽي آهي؟,ٻي نمبر,https://sd.wikipedia.org/wiki/%D8%B3%D9%86%DA%8C_%D9%8A%D9%88%D9%86%D9%8A%D9%88%D8%B1%D8%B3%D9%BD%D9%8A,Which is the largest university in Pakistan?,What is the ranking of Sindh University among the largest universities in Pakistan?,Number two,Second,,,,,
90,Ahmed Mujtaba,Mehak Soomro,snd_arab,Sindh Pakistan ,سنڌ يونيورسٽي ڪهڙي سال قائم ڪئي وئي؟,1947ع,https://sd.wikipedia.org/wiki/%D8%B3%D9%86%DA%8C_%D9%8A%D9%88%D9%86%D9%8A%D9%88%D8%B1%D8%B3%D9%BD%D9%8A,In which year was the University of Sindh established?,,1947,,,,,,
91,Ahmed Mujtaba,Mehak Soomro,snd_arab,Sindh Pakistan ,سنڌ يونيورسٽي جو پهريون چانسلر ڪير هو؟,سر فرانسس موڊي,https://sd.wikipedia.org/wiki/%D8%B3%D9%86%DA%8C_%D9%8A%D9%88%D9%86%D9%8A%D9%88%D8%B1%D8%B3%D9%BD%D9%8A,Who was the first Chancellor of the University of Sindh?,,Sir Francis Moody,,,,,,
92,Ahmed Mujtaba,Mehak Soomro,snd_arab,Sindh Pakistan ,پاڪستان پيپلز پارٽي جو باني ڪير هو؟,ذوالفقار علي ڀٽو,https://sd.wikipedia.org/wiki/%D8%B0%D9%88%D8%A7%D9%84%D9%81%D9%82%D8%A7%D8%B1_%D8%B9%D9%84%D9%8A_%DA%80%D9%BD%D9%88,Who was the founder of the Pakistan People's Party?,,Zulfikar Ali Bhutto,,,,,,
93,Ahmed Mujtaba,Mehak Soomro,snd_arab,Sindh Pakistan ,ذوالفقار علي ڀٽو پاڪستان جو ڪهڙو نمبر صدر هو؟,چوٿون,https://sd.wikipedia.org/wiki/%D8%B0%D9%88%D8%A7%D9%84%D9%81%D9%82%D8%A7%D8%B1_%D8%B9%D9%84%D9%8A_%DA%80%D9%BD%D9%88,What was the number of Presidents of Pakistan when Zulfikar Ali Bhutto was born?,Which number President of Pakistan was Zulfikar Ali Bhutto?,fourth,Fourth,,,,,
94,Ahmed Mujtaba,Mehak Soomro,snd_arab,Sindh Pakistan ,ذوالفقار علي ڀٽو پاڪستان جو ڪهڙو نمبر وزيراعظم هو؟,نائون,https://sd.wikipedia.org/wiki/%D8%B0%D9%88%D8%A7%D9%84%D9%81%D9%82%D8%A7%D8%B1_%D8%B9%D9%84%D9%8A_%DA%80%D9%BD%D9%88,What number of Prime Ministers was Zulfikar Ali Bhutto of Pakistan?,,ninth,Ninth,,,,,
95,Ahmed Mujtaba,Mehak Soomro,snd_arab,Sindh Pakistan ,پاڪستان جو 1973ع جو آئين ڪنهن جي حڪومت دوران منظور ٿيو؟,ذوالفقار علي ڀٽو,https://sd.wikipedia.org/wiki/%D8%B0%D9%88%D8%A7%D9%84%D9%81%D9%82%D8%A7%D8%B1_%D8%B9%D9%84%D9%8A_%DA%80%D9%BD%D9%88,During whose government was the 1973 Constitution of Pakistan approved?,,Zulfikar Ali Bhutto,,,,,,
96,Ahmed Mujtaba,Mehak Soomro,snd_arab,Sindh Pakistan ,ذوالفقار علي ڀٽو جي ڌيءَ ڪير هئي؟,بينظير ڀٽو,https://sd.wikipedia.org/wiki/%D8%B0%D9%88%D8%A7%D9%84%D9%81%D9%82%D8%A7%D8%B1_%D8%B9%D9%84%D9%8A_%DA%80%D9%BD%D9%88,Who was Zulfikar Ali Bhutto's daughter?,,Benazir Bhutto,,,,,,
97,Ahmed Mujtaba,Mehak Soomro,snd_arab,Sindh Pakistan ,ذوالفقار علي ڀٽو جو پيشو ڇا هو؟,بريسٽر,https://sd.wikipedia.org/wiki/%D8%B0%D9%88%D8%A7%D9%84%D9%81%D9%82%D8%A7%D8%B1_%D8%B9%D9%84%D9%8A_%DA%80%D9%BD%D9%88,What was Zulfikar Ali Bhutto's profession?,,Brewster,Barrister,Mehak,,,,
98,Ahmed Mujtaba,Mehak Soomro,snd_arab,Sindh Pakistan ,بينظير ڀٽو پاڪستان جي پهرين عورت وزيراعظم ڪير هئي؟,بينظير ڀٽو,https://sd.wikipedia.org/wiki/%D8%A8%D9%8A%D9%86%D8%B8%D9%8A%D8%B1_%DA%80%D9%BD%D9%88,Benazir Bhutto Who was the first female Prime Minister of Pakistan?,,Benazir Bhutto,,,,,,
99,Ahmed Mujtaba,Mehak Soomro,snd_arab,Sindh Pakistan ,بينظير ڀٽو پاڪستان جي تاريخ ۾ ڪهڙي منفرد اعزاز حاصل ڪندڙ اڳواڻ هئي؟,پهرين عورت وزيراعظم,https://sd.wikipedia.org/wiki/%D8%A8%D9%8A%D9%86%D8%B8%D9%8A%D8%B1_%DA%80%D9%BD%D9%88,What unique honor did Benazir Bhutto receive as a leader in the history of Pakistan?,,First female Prime Minister,,,,,,
100,Ahmed Mujtaba,Mehak Soomro,snd_arab,Sindh Pakistan ,بينظير ڀٽو جي مزار ڪهڙي شهر ۾ واقع آهي؟,ڳڙهي خدا بخش,https://sd.wikipedia.org/wiki/%D8%A8%D9%8A%D9%86%D8%B8%D9%8A%D8%B1_%DA%80%D9%BD%D9%88,In which city is Benazir Bhutto's mausoleum located?,,God bless you.,,,,,,
101,Pireh Soomro,Mehak Soomro,snd_arab,Sindh Pakistan ,مرزا قليچ بيگ کي سنڌي ادب ۾ ڪهڙي لقب سان سڃاتو وڃي ٿو؟,سنڌي نثر جو ابو,https://sd.wikipedia.org/wiki/%D9%85%D8%B1%D8%B2%D8%A7_%D9%82%D9%84%D9%8A%DA%86_%D8%A8%D9%8A%DA%AF,By what title is Mirza Qalich Beg known in Sindhi literature?,,The father of Sindhi prose,,,,,,
102,Pireh Soomro,Mehak Soomro,snd_arab,Sindh Pakistan ,مرزا قليچ بيگ تقريباً ڪيترا ڪتاب لکيا؟,400 کان وڌيڪ,https://sd.wikipedia.org/wiki/%D9%85%D8%B1%D8%B2%D8%A7_%D9%82%D9%84%D9%8A%DA%86_%D8%A8%D9%8A%DA%AF,Approximately how many books did Mirza Qalich Beg write?,,More than 400,,,,,,x
103,Pireh Soomro,Mehak Soomro,snd_arab,Sindh Pakistan ,مرزا قليچ بيگ جو نانو ڪير هو؟,مرزا خسرو بيگ,https://sd.wikipedia.org/wiki/%D9%85%D8%B1%D8%B2%D8%A7_%D9%82%D9%84%D9%8A%DA%86_%D8%A8%D9%8A%DA%AF,Who was Mirza Qalich Beg's grandfather?,,Mirza Khusro Beg,,,,,,
104,Pireh Soomro,Mehak Soomro,snd_arab,Sindh Pakistan ,مرزا قليچ بيگ پنهنجي آتم ڪٿا جو نالو ڇا رکيو؟,سائو پن يا ڪارو پنو,https://sd.wikipedia.org/wiki/%D9%85%D8%B1%D8%B2%D8%A7_%D9%82%D9%84%D9%8A%DA%86_%D8%A8%D9%8A%DA%AF,What was the name of Mirza Qalich Beg's autobiography?,,Green leaf or black leaf,Green Leaf and Black Paper,,,,,
105,Pireh Soomro,Mehak Soomro,snd_arab,Sindh Pakistan ,مرزا قليچ بيگ جي خاندان جو واسطو ڪهڙي حڪمران خاندان سان هو؟,ٽالپر,https://sd.wikipedia.org/wiki/%D9%85%D8%B1%D8%B2%D8%A7_%D9%82%D9%84%D9%8A%DA%86_%D8%A8%D9%8A%DA%AF,To which ruling dynasty was Mirza Qalich Beg's family related?,,Talpur,,,,,,
106,Pireh Soomro,Mehak Soomro,snd_arab,Sindh Pakistan ,علي بابا جو مشهور ناٽڪ ڪهڙو آهي؟, دنگيءَ منجهه درياهه,https://sd.wikipedia.org/wiki/%D8%B9%D9%84%D9%8A_%D8%A8%D8%A7%D8%A8%D8%A7,What is the famous play of Ali Baba?,What is the famous play of Sindhi writer Ali Baba?,The river is full of noise.,A Boat on the River,,,,,
107,Pireh Soomro,Mehak Soomro,snd_arab,Sindh Pakistan ,"علي بابا جي ناٽڪ ""دنگيءَ منجهه درياهه"" کي ڪهڙي ملڪ ۾ انعام مليو؟",جرمني,https://sd.wikipedia.org/wiki/%D8%B9%D9%84%D9%8A_%D8%A8%D8%A7%D8%A8%D8%A7,"In which country did Ali Baba's play ""Dangi Manjhi Dariya"" win an award?",,German,Germany,,,,,
108,Pireh Soomro,Mehak Soomro,snd_arab,Sindh Pakistan ,"""دنگيءَ منجهه درياهه"" ۾ ڪنهن جو ذڪر ڪيو ويو آهي؟",سنڌو درياهه جي مهاڻن,https://sd.wikipedia.org/wiki/%D8%B9%D9%84%D9%8A_%D8%A8%D8%A7%D8%A8%D8%A7,"Who is mentioned in ""The River in the Dangi Manjhi""?",,Fishermen of the Indus River,,,,,,x
109,Pireh Soomro,Mehak Soomro,snd_arab,Sindh Pakistan ,علي بابا بنيادي طور ڪهڙين ادبي صنفن سان لاڳاپيل هو؟,ناٽڪ ۽ ناول,https://sd.wikipedia.org/wiki/%D8%B9%D9%84%D9%8A_%D8%A8%D8%A7%D8%A8%D8%A7,What literary genres was Ali Baba primarily associated with?,,Drama and novel,,,,,,x
110,Pireh Soomro,Mehak Soomro,snd_arab,Sindh Pakistan ,الطاف شيخ ڪهڙي قسم جي ڪتابن لاءِ مشهور آهي؟,سفرناما,https://sd.wikipedia.org/wiki/%D8%A7%D9%84%D8%B7%D8%A7%D9%81_%D8%B4%D9%8A%D8%AE,What kind of books is Altaf Sheikh famous for?,,Travelogue,,,,,,
111,Pireh Soomro,Mehak Soomro,snd_arab,Sindh Pakistan ,الطاف شيخ جو پهريون سفرنامو ڪهڙو هو؟,منهنجو ساگر منهنجو ساحل,https://sd.wikipedia.org/wiki/%D8%A7%D9%84%D8%B7%D8%A7%D9%81_%D8%B4%D9%8A%D8%AE,What was Altaf Sheikh's first travelogue?,,"My ocean, my beach","My Ocean, My Shore",,,,,
112,Pireh Soomro,Mehak Soomro,snd_arab,Sindh Pakistan ,الطاف شيخ پيشي جي لحاظ کان ڇا هو؟,چيف مرين انجنيئر,https://sd.wikipedia.org/wiki/%D8%A7%D9%84%D8%B7%D8%A7%D9%81_%D8%B4%D9%8A%D8%AE,What was Altaf Sheikh's profession?,,Chief Marine Engineer,,,,,,
113,Pireh Soomro,Mehak Soomro,snd_arab,Sindh Pakistan ,الطاف شيخ تقريباً ڪيترا ڪتاب لکيا آهن؟,67,https://sd.wikipedia.org/wiki/%D8%A7%D9%84%D8%B7%D8%A7%D9%81_%D8%B4%D9%8A%D8%AE,Approximately how many books has Altaf Sheikh written?,,67,,,,,,x
114,Pireh Soomro,Mehak Soomro,snd_arab,Sindh Pakistan ,ٿر پاڪستان جي ڪهڙي صوبي ۾ واقع آهي؟,سنڌ,https://sd.wikipedia.org/wiki/%D9%BF%D8%B1%D9%BE%D8%A7%D8%B1%DA%AA%D8%B1_%D8%B6%D9%84%D8%B9%D9%88,In which province of Pakistan is Thar located?,,Sindh,,,,,,
115,Pireh Soomro,Mehak Soomro,snd_arab,Sindh Pakistan ,ٿر جو سڀ کان مشهور شهر ڪهڙو آهي؟,مٺي,https://sd.wikipedia.org/wiki/%D9%BF%D8%B1%D9%BE%D8%A7%D8%B1%DA%AA%D8%B1_%D8%B6%D9%84%D8%B9%D9%88,What is the most famous city in Thar?,,Sweet,,,,,,
116,Pireh Soomro,Mehak Soomro,snd_arab,Sindh Pakistan ,ٿر جي مشهور جبلن کي ڇا سڏيو ويندو آهي؟,ڪارونجهر جبل,https://sd.wikipedia.org/wiki/%D9%BF%D8%B1%D9%BE%D8%A7%D8%B1%DA%AA%D8%B1_%D8%B6%D9%84%D8%B9%D9%88,What are the famous mountains of Thar called?,,Karunjhar Mountain,Karunjhar Mountains,,,,,
117,Pireh Soomro,Mehak Soomro,snd_arab,Sindh Pakistan ,ٿر جي ماڻهن جو روايتي لباس ڪهڙي شيءِ لاءِ مشهور آهي؟,رنگين ڀرت,https://sd.wikipedia.org/wiki/%D9%BF%D8%B1%D9%BE%D8%A7%D8%B1%DA%AA%D8%B1_%D8%B6%D9%84%D8%B9%D9%88,What is the traditional dress of the people of Thar famous for?,,Colorful embroidery,,,,,,
118,Pireh Soomro,Mehak Soomro,snd_arab,Sindh Pakistan ,عمر مارئي جي داستان ۾ مارئي جو ڳوٺ ڪهڙو آهي؟,ملهير,https://sd.wikipedia.org/wiki/%D9%BF%D8%B1%D9%BE%D8%A7%D8%B1%DA%AA%D8%B1_%D8%B6%D9%84%D8%B9%D9%88,What is the village of Mari like in the story of Omar Mari?,Which is Marui's village in the tale of Umar Marui?,Sailor,Malhir,,,,,
119,Pireh Soomro,Mehak Soomro,snd_arab,Sindh Pakistan ,ٿر جي مشهور لوڪ داستانن مان هڪ ڪهڙو آهي؟,مارئي,https://sd.wikipedia.org/wiki/%D9%BF%D8%B1%D9%BE%D8%A7%D8%B1%DA%AA%D8%B1_%D8%B6%D9%84%D8%B9%D9%88,What is one of the famous folk tales of Thar?,,Marie,Marui,,,,,
120,Pireh Soomro,Mehak Soomro,snd_arab,Sindh Pakistan ,ٿر ۾ تازو دريافت ٿيل اهم قدرتي وسيلو ڪهڙو آهي؟,ڪوئلو,https://sd.wikipedia.org/wiki/%D9%BF%D8%B1%D9%BE%D8%A7%D8%B1%DA%AA%D8%B1_%D8%B6%D9%84%D8%B9%D9%88,What is the most important natural resource recently discovered in Thar?,,Coal,,,,,,
121,Pireh Soomro,Mehak Soomro,snd_arab,Sindh Pakistan ,پاڪستان جو سڀ کان وڏو گئس فيلڊ ڪهڙو آهي؟,ماري گئس فيلڊ,https://www.marienergies.com.pk/what-we-do/field-details,What is the largest gas field in Pakistan?,,Mari gas field,,,,eng_latn,,
122,Pireh Soomro,Mehak Soomro,snd_arab,Sindh Pakistan ,بدين ڪهڙي قدرتي وسيلن جي ڪري مشهور آهي؟,تيل ۽ گئس,https://sd.wikipedia.org/wiki/%D8%A8%D8%AF%D9%8A%D9%86,What natural resources is Badin famous for?,What natural resources are Badin famous for?,Oil and gas,,,,,,
123,Pireh Soomro,Mehak Soomro,snd_arab,Sindh Pakistan ,بدين جي مشهور صوفي بزرگ جو نالو ڇا آهي؟,شاهه ڪريم بلڙي,https://sd.wikipedia.org/wiki/%D8%B4%D8%A7%D9%87%D9%87_%D8%B9%D8%A8%D8%AF%D8%A7%D9%84%DA%AA%D8%B1%D9%8A%D9%85_%D8%A8%D9%84%DA%99%D9%8A,What is the name of the famous Sufi saint of Badin?,,Shah Karim Balri,Shah Karim of Bulri,,,,,
124,Pireh Soomro,Mehak Soomro,snd_arab,Sindh Pakistan ,صوفي روحل فقير ڪهڙي فڪري روايت سان لاڳاپيل هو؟,تصوف,https://sd.wikipedia.org/wiki/%D8%B1%D9%88%D8%AD%D9%84_%D9%81%D9%82%D9%8A%D8%B1,To which intellectual tradition was the Sufi monk Ruhal Fakir associated?,,Sufism,,,,,,
125,Pireh Soomro,Mehak Soomro,snd_arab,Sindh Pakistan ,ڀڳت ڪبير جو ٻيو اوتار سنڌ ۾ ڪنهن کي سمجهيو ويندو آهي؟,صوفي روحل فقير,https://sd.wikipedia.org/wiki/%D8%B1%D9%88%D8%AD%D9%84_%D9%81%D9%82%D9%8A%D8%B1,Who is considered the second incarnation of Bhagat Kabir in Sindh?,,Sufi Rohal Fakir,,,,,,